{
  "questProgress:9": {
    "0:10": {
      "questID:3": 0,
      "completed:9": {},
      "tasks:9": {
        "0:10": {
          "completeUsers:9": {},
          "index:3": 0,
          "taskID:8": "bq_standard:location"
        }
      }
    },
    "1:10": {
      "questID:3": 1,
      "completed:9": {},
      "tasks:9": {
        "0:10": {
          "completeUsers:9": {},
          "index:3": 0,
          "taskID:8": "bq_standard:location"
        }
      }
    },
    "2:10": {
      "questID:3": 2,
      "completed:9": {},
      "tasks:9": {
        "0:10": {
          "completeUsers:9": {},
          "userProgress:9": {},
          "index:3": 0,
          "taskID:8": "bq_standard:interact_item"
        }
      }
    },
    "3:10": {
      "questID:3": 3,
      "completed:9": {},
      "tasks:9": {
        "0:10": {
          "completeUsers:9": {},
          "index:3": 0,
          "taskID:8": "bq_standard:location"
        }
      }
    },
    "4:10": {
      "questID:3": 4,
      "completed:9": {},
      "tasks:9": {
        "0:10": {
          "completeUsers:9": {},
          "index:3": 0,
          "taskID:8": "bq_standard:location"
        }
      }
    },
    "5:10": {
      "questID:3": 5,
      "completed:9": {},
      "tasks:9": {
        "0:10": {
          "completeUsers:9": {},
          "index:3": 0,
          "taskID:8": "bq_standard:location"
        }
      }
    },
    "6:10": {
      "questID:3": 6,
      "completed:9": {},
      "tasks:9": {
        "0:10": {
          "completeUsers:9": {},
          "index:3": 0,
          "taskID:8": "bq_standard:location"
        }
      }
    },
    "7:10": {
      "questID:3": 7,
      "completed:9": {},
      "tasks:9": {
        "0:10": {
          "completeUsers:9": {},
          "index:3": 0,
          "taskID:8": "bq_standard:location"
        }
      }
    },
    "8:10": {
      "questID:3": 8,
      "completed:9": {},
      "tasks:9": {
        "0:10": {
          "completeUsers:9": {},
          "index:3": 0,
          "taskID:8": "bq_standard:location"
        }
      }
    },
    "9:10": {
      "questID:3": 9,
      "completed:9": {
        "0:10": {
          "claimed:1": 0,
          "uuid:8": "a4686b5b-2f26-4015-887d-c42382f3f73d",
          "timestamp:4": 1634169669553
        }
      },
      "tasks:9": {}
    },
    "10:10": {
      "questID:3": 10,
      "completed:9": {},
      "tasks:9": {
        "0:10": {
          "completeUsers:9": {},
          "userProgress:9": {},
          "index:3": 0,
          "taskID:8": "bq_standard:retrieval"
        }
      }
    },
    "11:10": {
      "questID:3": 11,
      "completed:9": {},
      "tasks:9": {
        "0:10": {
          "completeUsers:9": {},
          "userProgress:9": {},
          "index:3": 0,
          "taskID:8": "bq_standard:retrieval"
        }
      }
    },
    "12:10": {
      "questID:3": 12,
      "completed:9": {},
      "tasks:9": {
        "0:10": {
          "completeUsers:9": {},
          "userProgress:9": {},
          "index:3": 0,
          "taskID:8": "bq_standard:retrieval"
        }
      }
    },
    "13:10": {
      "questID:3": 13,
      "completed:9": {},
      "tasks:9": {}
    },
    "14:10": {
      "questID:3": 14,
      "completed:9": {},
      "tasks:9": {}
    },
    "15:10": {
      "questID:3": 15,
      "completed:9": {},
      "tasks:9": {}
    },
    "16:10": {
      "questID:3": 16,
      "completed:9": {},
      "tasks:9": {}
    }
  }
}