<?xml version="1.0" encoding="UTF-8" standalone="no"?>
<galaxy>
    <star blackHole="false" name="Sol" numGasGiants="0" numPlanets="0" size="1.0" temp="100" x="0" y="0">
        <planet DIMID="16" name="Sol-16">
            <isKnown>false</isKnown>
            <fogColor>1.0,1.0,1.0</fogColor>
            <skyColor>0.8,0.6834638,1.0</skyColor>
            <gravitationalMultiplier>130</gravitationalMultiplier>
            <orbitalDistance>176</orbitalDistance>
            <orbitalTheta>279</orbitalTheta>
            <orbitalPhi>-116</orbitalPhi>
            <avgTemperature>192</avgTemperature>
            <rotationalPeriod>10923</rotationalPeriod>
            <atmosphereDensity>0</atmosphereDensity>
            <generateCraters>true</generateCraters>
            <generateVolcanos>false</generateVolcanos>
            <generateStructures>false</generateStructures>
            <generateGeodes>false</generateGeodes>
            <craterFrequencyMultiplier>1.0</craterFrequencyMultiplier>
            <biomeIds>advancedrocketry:moon,advancedrocketry:moondark</biomeIds>
        </planet>
        <planet DIMID="0" dimMapping="" name="Earth">
            <isKnown>true</isKnown>
            <fogColor>1.0,1.0,1.0</fogColor>
            <skyColor>1.0,1.0,1.0</skyColor>
            <gravitationalMultiplier>100</gravitationalMultiplier>
            <orbitalDistance>100</orbitalDistance>
            <orbitalTheta>0</orbitalTheta>
            <orbitalPhi>0</orbitalPhi>
            <avgTemperature>287</avgTemperature>
            <rotationalPeriod>24000</rotationalPeriod>
            <atmosphereDensity>100</atmosphereDensity>
            <generateCraters>false</generateCraters>
            <generateVolcanos>false</generateVolcanos>
            <generateStructures>false</generateStructures>
            <generateGeodes>false</generateGeodes>
            <planet DIMID="2" name="Luna">
                <isKnown>false</isKnown>
                <fogColor>1.0,1.0,1.0</fogColor>
                <skyColor>1.0,1.0,1.0</skyColor>
                <gravitationalMultiplier>16</gravitationalMultiplier>
                <orbitalDistance>150</orbitalDistance>
                <orbitalTheta>0</orbitalTheta>
                <orbitalPhi>10</orbitalPhi>
                <avgTemperature>208</avgTemperature>
                <rotationalPeriod>128000</rotationalPeriod>
                <atmosphereDensity>0</atmosphereDensity>
                <generateCraters>true</generateCraters>
                <generateVolcanos>false</generateVolcanos>
                <generateStructures>false</generateStructures>
                <generateGeodes>false</generateGeodes>
                <craterFrequencyMultiplier>1.0</craterFrequencyMultiplier>
                <biomeIds>advancedrocketry:moon,advancedrocketry:moondark</biomeIds>
            </planet>
        </planet>
        <planet DIMID="17" name="Sol-17">
            <isKnown>false</isKnown>
            <fogColor>1.0,1.0,1.0</fogColor>
            <skyColor>0.8,0.7419349,0.412632</skyColor>
            <gravitationalMultiplier>116</gravitationalMultiplier>
            <orbitalDistance>82</orbitalDistance>
            <orbitalTheta>304</orbitalTheta>
            <orbitalPhi>-6</orbitalPhi>
            <avgTemperature>377</avgTemperature>
            <rotationalPeriod>14607</rotationalPeriod>
            <atmosphereDensity>203</atmosphereDensity>
            <generateCraters>false</generateCraters>
            <generateVolcanos>false</generateVolcanos>
            <generateStructures>false</generateStructures>
            <generateGeodes>true</generateGeodes>
            <geodefrequencyMultiplier>1.0</geodefrequencyMultiplier>
            <biomeIds>minecraft:mutated_mesa_rock,minecraft:mutated_savanna,minecraft:savanna_rock,advancedrocketry:marsh,minecraft:mutated_jungle,advancedrocketry:deepswamp,advancedrocketry:stormland</biomeIds>
            <planet DIMID="18" name="Sol-17: 0">
                <isKnown>false</isKnown>
                <fogColor>1.0,1.0,1.0</fogColor>
                <skyColor>0.8,0.5048383,0.982941</skyColor>
                <gravitationalMultiplier>43</gravitationalMultiplier>
                <orbitalDistance>146</orbitalDistance>
                <orbitalTheta>204</orbitalTheta>
                <orbitalPhi>-79</orbitalPhi>
                <avgTemperature>211</avgTemperature>
                <rotationalPeriod>301860</rotationalPeriod>
                <atmosphereDensity>37</atmosphereDensity>
                <generateCraters>true</generateCraters>
                <generateVolcanos>false</generateVolcanos>
                <generateStructures>false</generateStructures>
                <generateGeodes>false</generateGeodes>
                <craterFrequencyMultiplier>1.0</craterFrequencyMultiplier>
                <biomeIds>minecraft:mutated_extreme_hills,minecraft:extreme_hills,minecraft:mutated_savanna,minecraft:mutated_birch_forest_hills,minecraft:stone_beach</biomeIds>
            </planet>
        </planet>
        <planet DIMID="19" name="Sol-19">
            <isKnown>false</isKnown>
            <fogColor>1.0,1.0,1.0</fogColor>
            <skyColor>0.8,0.82868683,0.6463513</skyColor>
            <gravitationalMultiplier>130</gravitationalMultiplier>
            <orbitalDistance>87</orbitalDistance>
            <orbitalTheta>214</orbitalTheta>
            <orbitalPhi>-155</orbitalPhi>
            <avgTemperature>308</avgTemperature>
            <rotationalPeriod>10923</rotationalPeriod>
            <atmosphereDensity>127</atmosphereDensity>
            <generateCraters>false</generateCraters>
            <generateVolcanos>false</generateVolcanos>
            <generateStructures>true</generateStructures>
            <generateGeodes>true</generateGeodes>
            <geodefrequencyMultiplier>1.0</geodefrequencyMultiplier>
            <biomeIds>minecraft:extreme_hills</biomeIds>
            <planet DIMID="20" name="Sol-19: 0">
                <isKnown>false</isKnown>
                <fogColor>1.0,1.0,1.0</fogColor>
                <skyColor>0.8,0.92702407,0.77266085</skyColor>
                <gravitationalMultiplier>54</gravitationalMultiplier>
                <orbitalDistance>104</orbitalDistance>
                <orbitalTheta>39</orbitalTheta>
                <orbitalPhi>10</orbitalPhi>
                <avgTemperature>250</avgTemperature>
                <rotationalPeriod>152415</rotationalPeriod>
                <atmosphereDensity>23</atmosphereDensity>
                <generateCraters>true</generateCraters>
                <generateVolcanos>false</generateVolcanos>
                <generateStructures>false</generateStructures>
                <generateGeodes>false</generateGeodes>
                <craterFrequencyMultiplier>1.0</craterFrequencyMultiplier>
                <biomeIds>advancedrocketry:moon,advancedrocketry:moondark</biomeIds>
            </planet>
        </planet>
        <planet DIMID="3" name="Sol-3">
            <isKnown>false</isKnown>
            <GasGiant>true</GasGiant>
            <gas>oxygen</gas>
            <gas>hydrogen</gas>
            <gas>nitrogen</gas>
            <fogColor>1.0,1.0,1.0</fogColor>
            <skyColor>1.0,1.0,1.0</skyColor>
            <gravitationalMultiplier>130</gravitationalMultiplier>
            <orbitalDistance>248</orbitalDistance>
            <orbitalTheta>0</orbitalTheta>
            <orbitalPhi>0</orbitalPhi>
            <avgTemperature>182</avgTemperature>
            <rotationalPeriod>24000</rotationalPeriod>
            <atmosphereDensity>136</atmosphereDensity>
            <generateCraters>false</generateCraters>
            <generateVolcanos>false</generateVolcanos>
            <generateStructures>false</generateStructures>
            <generateGeodes>false</generateGeodes>
            <planet DIMID="4" name="Sol-3: 0">
                <isKnown>false</isKnown>
                <fogColor>1.0,1.0,1.0</fogColor>
                <skyColor>0.8,0.67699766,0.91479594</skyColor>
                <gravitationalMultiplier>77</gravitationalMultiplier>
                <orbitalDistance>142</orbitalDistance>
                <orbitalTheta>217</orbitalTheta>
                <orbitalPhi>-43</orbitalPhi>
                <avgTemperature>162</avgTemperature>
                <rotationalPeriod>52570</rotationalPeriod>
                <atmosphereDensity>19</atmosphereDensity>
                <generateCraters>true</generateCraters>
                <generateVolcanos>false</generateVolcanos>
                <generateStructures>false</generateStructures>
                <generateGeodes>false</generateGeodes>
                <craterFrequencyMultiplier>1.0</craterFrequencyMultiplier>
                <seaLevel>76</seaLevel>
                <biomeIds>advancedrocketry:moon,advancedrocketry:moondark</biomeIds>
                <oceanBlock>advancedrocketry:oxygenfluid</oceanBlock>
            </planet>
            <planet DIMID="5" name="Sol-3: 1">
                <isKnown>false</isKnown>
                <fogColor>1.0,1.0,1.0</fogColor>
                <skyColor>0.8,0.7381393,0.8846133</skyColor>
                <gravitationalMultiplier>74</gravitationalMultiplier>
                <orbitalDistance>131</orbitalDistance>
                <orbitalTheta>87</orbitalTheta>
                <orbitalPhi>-82</orbitalPhi>
                <avgTemperature>223</avgTemperature>
                <rotationalPeriod>59226</rotationalPeriod>
                <atmosphereDensity>20</atmosphereDensity>
                <generateCraters>true</generateCraters>
                <generateVolcanos>false</generateVolcanos>
                <generateStructures>false</generateStructures>
                <generateGeodes>false</generateGeodes>
                <craterFrequencyMultiplier>1.0</craterFrequencyMultiplier>
                <biomeIds>advancedrocketry:moon,advancedrocketry:moondark</biomeIds>
            </planet>
            <planet DIMID="6" name="Sol-3: 2">
                <isKnown>false</isKnown>
                <fogColor>1.0,1.0,1.0</fogColor>
                <skyColor>0.8,0.5407249,0.97116476</skyColor>
                <gravitationalMultiplier>79</gravitationalMultiplier>
                <orbitalDistance>167</orbitalDistance>
                <orbitalTheta>32</orbitalTheta>
                <orbitalPhi>-126</orbitalPhi>
                <avgTemperature>197</avgTemperature>
                <rotationalPeriod>48677</rotationalPeriod>
                <atmosphereDensity>27</atmosphereDensity>
                <generateCraters>true</generateCraters>
                <generateVolcanos>false</generateVolcanos>
                <generateStructures>false</generateStructures>
                <generateGeodes>false</generateGeodes>
                <craterFrequencyMultiplier>1.0</craterFrequencyMultiplier>
                <biomeIds>advancedrocketry:crystalchasms</biomeIds>
            </planet>
            <planet DIMID="7" name="Sol-3: 3">
                <isKnown>false</isKnown>
                <hasRings>true</hasRings>
                <ringColor>0.8,0.8241303,1.0</ringColor>
                <fogColor>1.0,1.0,1.0</fogColor>
                <skyColor>0.8,0.8241303,1.0</skyColor>
                <gravitationalMultiplier>65</gravitationalMultiplier>
                <orbitalDistance>196</orbitalDistance>
                <orbitalTheta>152</orbitalTheta>
                <orbitalPhi>81</orbitalPhi>
                <avgTemperature>182</avgTemperature>
                <rotationalPeriod>87391</rotationalPeriod>
                <atmosphereDensity>20</atmosphereDensity>
                <generateCraters>true</generateCraters>
                <generateVolcanos>false</generateVolcanos>
                <generateStructures>false</generateStructures>
                <generateGeodes>false</generateGeodes>
                <craterFrequencyMultiplier>1.0</craterFrequencyMultiplier>
                <biomeIds>advancedrocketry:moon,advancedrocketry:moondark</biomeIds>
            </planet>
            <planet DIMID="8" name="Sol-3: 4">
                <isKnown>false</isKnown>
                <fogColor>1.0,1.0,1.0</fogColor>
                <skyColor>0.8,0.8911267,1.0</skyColor>
                <gravitationalMultiplier>41</gravitationalMultiplier>
                <orbitalDistance>186</orbitalDistance>
                <orbitalTheta>236</orbitalTheta>
                <orbitalPhi>-194</orbitalPhi>
                <avgTemperature>187</avgTemperature>
                <rotationalPeriod>348224</rotationalPeriod>
                <atmosphereDensity>35</atmosphereDensity>
                <generateCraters>true</generateCraters>
                <generateVolcanos>false</generateVolcanos>
                <generateStructures>false</generateStructures>
                <generateGeodes>false</generateGeodes>
                <craterFrequencyMultiplier>1.0</craterFrequencyMultiplier>
                <biomeIds>advancedrocketry:crystalchasms</biomeIds>
            </planet>
        </planet>
        <planet DIMID="21" name="Sol-21">
            <isKnown>false</isKnown>
            <fogColor>1.0,1.0,1.0</fogColor>
            <skyColor>0.8,0.5277858,0.74358636</skyColor>
            <gravitationalMultiplier>101</gravitationalMultiplier>
            <orbitalDistance>80</orbitalDistance>
            <orbitalTheta>54</orbitalTheta>
            <orbitalPhi>-151</orbitalPhi>
            <avgTemperature>286</avgTemperature>
            <rotationalPeriod>23294</rotationalPeriod>
            <atmosphereDensity>0</atmosphereDensity>
            <generateCraters>true</generateCraters>
            <generateVolcanos>false</generateVolcanos>
            <generateStructures>false</generateStructures>
            <generateGeodes>false</generateGeodes>
            <craterFrequencyMultiplier>1.0</craterFrequencyMultiplier>
            <biomeIds>advancedrocketry:moon,advancedrocketry:moondark</biomeIds>
            <planet DIMID="22" name="Sol-21: 0">
                <isKnown>false</isKnown>
                <fogColor>1.0,1.0,1.0</fogColor>
                <skyColor>0.8,0.86735755,0.94039094</skyColor>
                <gravitationalMultiplier>39</gravitationalMultiplier>
                <orbitalDistance>140</orbitalDistance>
                <orbitalTheta>321</orbitalTheta>
                <orbitalPhi>10</orbitalPhi>
                <avgTemperature>216</avgTemperature>
                <rotationalPeriod>404592</rotationalPeriod>
                <atmosphereDensity>13</atmosphereDensity>
                <generateCraters>true</generateCraters>
                <generateVolcanos>false</generateVolcanos>
                <generateStructures>false</generateStructures>
                <generateGeodes>false</generateGeodes>
                <craterFrequencyMultiplier>1.0</craterFrequencyMultiplier>
                <biomeIds>advancedrocketry:moon,advancedrocketry:moondark</biomeIds>
            </planet>
        </planet>
        <planet DIMID="23" name="Sol-23">
            <isKnown>false</isKnown>
            <fogColor>1.0,1.0,1.0</fogColor>
            <skyColor>0.8,0.93924093,0.80646926</skyColor>
            <gravitationalMultiplier>130</gravitationalMultiplier>
            <orbitalDistance>128</orbitalDistance>
            <orbitalTheta>140</orbitalTheta>
            <orbitalPhi>-249</orbitalPhi>
            <avgTemperature>254</avgTemperature>
            <rotationalPeriod>10923</rotationalPeriod>
            <atmosphereDensity>133</atmosphereDensity>
            <generateCraters>false</generateCraters>
            <generateVolcanos>false</generateVolcanos>
            <generateStructures>true</generateStructures>
            <generateGeodes>true</generateGeodes>
            <geodefrequencyMultiplier>1.0</geodefrequencyMultiplier>
            <biomeIds>minecraft:mutated_ice_flats,minecraft:cold_beach,minecraft:deep_ocean,minecraft:frozen_ocean,minecraft:deep_ocean</biomeIds>
        </planet>
        <planet DIMID="24" name="Sol-24">
            <isKnown>false</isKnown>
            <fogColor>1.0,1.0,1.0</fogColor>
            <skyColor>0.8,0.5163456,0.74732655</skyColor>
            <gravitationalMultiplier>130</gravitationalMultiplier>
            <orbitalDistance>101</orbitalDistance>
            <orbitalTheta>136</orbitalTheta>
            <orbitalPhi>-8</orbitalPhi>
            <avgTemperature>286</avgTemperature>
            <rotationalPeriod>10923</rotationalPeriod>
            <atmosphereDensity>108</atmosphereDensity>
            <generateCraters>false</generateCraters>
            <generateVolcanos>false</generateVolcanos>
            <generateStructures>true</generateStructures>
            <generateGeodes>false</generateGeodes>
            <biomeIds>minecraft:birch_forest,minecraft:jungle,minecraft:smaller_extreme_hills,minecraft:mutated_birch_forest,minecraft:birch_forest_hills</biomeIds>
            <planet DIMID="25" name="Sol-24: 0">
                <isKnown>false</isKnown>
                <fogColor>1.0,1.0,1.0</fogColor>
                <skyColor>0.8,0.848771,1.0</skyColor>
                <gravitationalMultiplier>71</gravitationalMultiplier>
                <orbitalDistance>199</orbitalDistance>
                <orbitalTheta>349</orbitalTheta>
                <orbitalPhi>10</orbitalPhi>
                <avgTemperature>181</avgTemperature>
                <rotationalPeriod>67055</rotationalPeriod>
                <atmosphereDensity>19</atmosphereDensity>
                <generateCraters>true</generateCraters>
                <generateVolcanos>false</generateVolcanos>
                <generateStructures>false</generateStructures>
                <generateGeodes>false</generateGeodes>
                <craterFrequencyMultiplier>1.0</craterFrequencyMultiplier>
                <biomeIds>advancedrocketry:moon,advancedrocketry:moondark</biomeIds>
            </planet>
        </planet>
        <planet DIMID="9" name="Sol-9">
            <isKnown>false</isKnown>
            <fogColor>1.0,1.0,1.0</fogColor>
            <skyColor>0.8,0.5488468,0.0</skyColor>
            <gravitationalMultiplier>119</gravitationalMultiplier>
            <orbitalDistance>6</orbitalDistance>
            <orbitalTheta>144</orbitalTheta>
            <orbitalPhi>-135</orbitalPhi>
            <avgTemperature>1175</avgTemperature>
            <rotationalPeriod>14241</rotationalPeriod>
            <atmosphereDensity>185</atmosphereDensity>
            <generateCraters>false</generateCraters>
            <generateVolcanos>true</generateVolcanos>
            <generateStructures>false</generateStructures>
            <generateGeodes>true</generateGeodes>
            <volcanoFrequencyMultiplier>1.0</volcanoFrequencyMultiplier>
            <geodefrequencyMultiplier>1.0</geodefrequencyMultiplier>
            <seaLevel>60</seaLevel>
            <biomeIds>advancedrocketry:hotdryrock,advancedrocketry:volcanic,advancedrocketry:volcanicbarren</biomeIds>
            <planet DIMID="10" name="Sol-9: 0">
                <isKnown>false</isKnown>
                <fogColor>1.0,1.0,1.0</fogColor>
                <skyColor>0.8,0.78380674,0.9200449</skyColor>
                <gravitationalMultiplier>77</gravitationalMultiplier>
                <orbitalDistance>124</orbitalDistance>
                <orbitalTheta>2</orbitalTheta>
                <orbitalPhi>10</orbitalPhi>
                <avgTemperature>229</avgTemperature>
                <rotationalPeriod>52570</rotationalPeriod>
                <atmosphereDensity>30</atmosphereDensity>
                <generateCraters>true</generateCraters>
                <generateVolcanos>false</generateVolcanos>
                <generateStructures>false</generateStructures>
                <generateGeodes>false</generateGeodes>
                <craterFrequencyMultiplier>1.0</craterFrequencyMultiplier>
                <biomeIds>minecraft:ice_flats</biomeIds>
            </planet>
            <planet DIMID="11" name="Sol-9: 1">
                <isKnown>false</isKnown>
                <fogColor>1.0,1.0,1.0</fogColor>
                <skyColor>0.8,0.857918,0.9924968</skyColor>
                <gravitationalMultiplier>45</gravitationalMultiplier>
                <orbitalDistance>146</orbitalDistance>
                <orbitalTheta>280</orbitalTheta>
                <orbitalPhi>10</orbitalPhi>
                <avgTemperature>211</avgTemperature>
                <rotationalPeriod>263374</rotationalPeriod>
                <atmosphereDensity>27</atmosphereDensity>
                <generateCraters>true</generateCraters>
                <generateVolcanos>false</generateVolcanos>
                <generateStructures>false</generateStructures>
                <generateGeodes>false</generateGeodes>
                <craterFrequencyMultiplier>1.0</craterFrequencyMultiplier>
                <biomeIds>minecraft:mutated_extreme_hills,advancedrocketry:volcanicbarren,minecraft:mutated_forest,minecraft:mutated_mesa_rock,minecraft:extreme_hills_with_trees</biomeIds>
            </planet>
            <oceanBlock>minecraft:lava</oceanBlock>
        </planet>
        <planet DIMID="26" name="Sol-26">
            <isKnown>false</isKnown>
            <fogColor>1.0,1.0,1.0</fogColor>
            <skyColor>0.8,0.78157145,0.20896673</skyColor>
            <gravitationalMultiplier>128</gravitationalMultiplier>
            <orbitalDistance>34</orbitalDistance>
            <orbitalTheta>8</orbitalTheta>
            <orbitalPhi>276</orbitalPhi>
            <avgTemperature>438</avgTemperature>
            <rotationalPeriod>11444</rotationalPeriod>
            <atmosphereDensity>24</atmosphereDensity>
            <generateCraters>true</generateCraters>
            <generateVolcanos>false</generateVolcanos>
            <generateStructures>false</generateStructures>
            <generateGeodes>false</generateGeodes>
            <craterFrequencyMultiplier>1.0</craterFrequencyMultiplier>
            <biomeIds>advancedrocketry:moon,advancedrocketry:moondark</biomeIds>
            <planet DIMID="27" name="Sol-26: 0">
                <isKnown>false</isKnown>
                <fogColor>1.0,1.0,1.0</fogColor>
                <skyColor>0.8,0.90955985,0.9097152</skyColor>
                <gravitationalMultiplier>45</gravitationalMultiplier>
                <orbitalDistance>129</orbitalDistance>
                <orbitalTheta>148</orbitalTheta>
                <orbitalPhi>10</orbitalPhi>
                <avgTemperature>225</avgTemperature>
                <rotationalPeriod>263374</rotationalPeriod>
                <atmosphereDensity>30</atmosphereDensity>
                <generateCraters>true</generateCraters>
                <generateVolcanos>false</generateVolcanos>
                <generateStructures>false</generateStructures>
                <generateGeodes>false</generateGeodes>
                <craterFrequencyMultiplier>1.0</craterFrequencyMultiplier>
                <biomeIds>minecraft:ice_flats</biomeIds>
            </planet>
        </planet>
        <planet DIMID="12" name="Sol-12">
            <isKnown>false</isKnown>
            <fogColor>1.0,1.0,1.0</fogColor>
            <skyColor>0.8,0.5336901,0.87210846</skyColor>
            <gravitationalMultiplier>107</gravitationalMultiplier>
            <orbitalDistance>142</orbitalDistance>
            <orbitalTheta>172</orbitalTheta>
            <orbitalPhi>57</orbitalPhi>
            <avgTemperature>241</avgTemperature>
            <rotationalPeriod>19591</rotationalPeriod>
            <atmosphereDensity>131</atmosphereDensity>
            <generateCraters>false</generateCraters>
            <generateVolcanos>false</generateVolcanos>
            <generateStructures>false</generateStructures>
            <generateGeodes>true</generateGeodes>
            <geodefrequencyMultiplier>1.0</geodefrequencyMultiplier>
            <biomeIds>minecraft:mushroom_island_shore,advancedrocketry:marsh,minecraft:swampland,minecraft:mutated_redwood_taiga_hills,minecraft:desert</biomeIds>
            <planet DIMID="13" name="Sol-12: 0">
                <isKnown>false</isKnown>
                <fogColor>1.0,1.0,1.0</fogColor>
                <skyColor>0.8,0.85636806,1.0</skyColor>
                <gravitationalMultiplier>69</gravitationalMultiplier>
                <orbitalDistance>193</orbitalDistance>
                <orbitalTheta>275</orbitalTheta>
                <orbitalPhi>10</orbitalPhi>
                <avgTemperature>184</avgTemperature>
                <rotationalPeriod>73057</rotationalPeriod>
                <atmosphereDensity>30</atmosphereDensity>
                <generateCraters>true</generateCraters>
                <generateVolcanos>false</generateVolcanos>
                <generateStructures>false</generateStructures>
                <generateGeodes>false</generateGeodes>
                <craterFrequencyMultiplier>1.0</craterFrequencyMultiplier>
                <biomeIds>minecraft:mutated_mesa_rock,minecraft:forest,minecraft:plains,minecraft:mutated_mesa_clear_rock,minecraft:mesa</biomeIds>
            </planet>
            <planet DIMID="14" name="Sol-12: 1">
                <isKnown>false</isKnown>
                <fogColor>1.0,1.0,1.0</fogColor>
                <skyColor>0.8,0.9087403,1.0</skyColor>
                <gravitationalMultiplier>76</gravitationalMultiplier>
                <orbitalDistance>183</orbitalDistance>
                <orbitalTheta>149</orbitalTheta>
                <orbitalPhi>10</orbitalPhi>
                <avgTemperature>189</avgTemperature>
                <rotationalPeriod>54672</rotationalPeriod>
                <atmosphereDensity>33</atmosphereDensity>
                <generateCraters>true</generateCraters>
                <generateVolcanos>false</generateVolcanos>
                <generateStructures>false</generateStructures>
                <generateGeodes>false</generateGeodes>
                <craterFrequencyMultiplier>1.0</craterFrequencyMultiplier>
                <biomeIds>minecraft:mutated_swampland,minecraft:smaller_extreme_hills,minecraft:roofed_forest,minecraft:mutated_savanna_rock,minecraft:jungle</biomeIds>
            </planet>
            <planet DIMID="15" name="Sol-12: 2">
                <isKnown>false</isKnown>
                <fogColor>1.0,1.0,1.0</fogColor>
                <skyColor>0.8,0.80991316,0.8943877</skyColor>
                <gravitationalMultiplier>63</gravitationalMultiplier>
                <orbitalDistance>113</orbitalDistance>
                <orbitalTheta>26</orbitalTheta>
                <orbitalPhi>10</orbitalPhi>
                <avgTemperature>240</avgTemperature>
                <rotationalPeriod>95981</rotationalPeriod>
                <atmosphereDensity>26</atmosphereDensity>
                <generateCraters>true</generateCraters>
                <generateVolcanos>false</generateVolcanos>
                <generateStructures>false</generateStructures>
                <generateGeodes>false</generateGeodes>
                <craterFrequencyMultiplier>1.0</craterFrequencyMultiplier>
                <biomeIds>minecraft:jungle_edge,minecraft:mutated_birch_forest_hills,minecraft:deep_ocean,minecraft:jungle_hills,minecraft:ocean</biomeIds>
            </planet>
        </planet>
    </star>
    <star blackHole="false" name="Wolf 12" numGasGiants="0" numPlanets="0" size="1.0" temp="10" x="300" y="-200">
        <planet DIMID="33" name="Sol-33">
            <isKnown>false</isKnown>
            <fogColor>1.0,1.0,1.0</fogColor>
            <skyColor>0.2730115,0.7062589,1.0</skyColor>
            <gravitationalMultiplier>109</gravitationalMultiplier>
            <orbitalDistance>145</orbitalDistance>
            <orbitalTheta>241</orbitalTheta>
            <orbitalPhi>39</orbitalPhi>
            <avgTemperature>21</avgTemperature>
            <rotationalPeriod>18532</rotationalPeriod>
            <atmosphereDensity>36</atmosphereDensity>
            <generateCraters>true</generateCraters>
            <generateVolcanos>false</generateVolcanos>
            <generateStructures>false</generateStructures>
            <generateGeodes>false</generateGeodes>
            <craterFrequencyMultiplier>1.0</craterFrequencyMultiplier>
            <biomeIds>minecraft:mesa_clear_rock,advancedrocketry:marsh,minecraft:desert_hills,minecraft:swampland,minecraft:forest_hills</biomeIds>
            <planet DIMID="34" name="Sol-33: 0">
                <isKnown>false</isKnown>
                <fogColor>1.0,1.0,1.0</fogColor>
                <skyColor>0.2839951,0.52315485,1.0</skyColor>
                <gravitationalMultiplier>75</gravitationalMultiplier>
                <orbitalDistance>151</orbitalDistance>
                <orbitalTheta>130</orbitalTheta>
                <orbitalPhi>-267</orbitalPhi>
                <avgTemperature>20</avgTemperature>
                <rotationalPeriod>56888</rotationalPeriod>
                <atmosphereDensity>19</atmosphereDensity>
                <generateCraters>true</generateCraters>
                <generateVolcanos>false</generateVolcanos>
                <generateStructures>false</generateStructures>
                <generateGeodes>false</generateGeodes>
                <craterFrequencyMultiplier>1.0</craterFrequencyMultiplier>
                <biomeIds>advancedrocketry:moon,advancedrocketry:moondark</biomeIds>
            </planet>
            <planet DIMID="35" name="Sol-33: 1">
                <isKnown>false</isKnown>
                <fogColor>1.0,1.0,1.0</fogColor>
                <skyColor>0.2919246,0.68044597,1.0</skyColor>
                <gravitationalMultiplier>64</gravitationalMultiplier>
                <orbitalDistance>189</orbitalDistance>
                <orbitalTheta>329</orbitalTheta>
                <orbitalPhi>-34</orbitalPhi>
                <avgTemperature>18</avgTemperature>
                <rotationalPeriod>91552</rotationalPeriod>
                <atmosphereDensity>32</atmosphereDensity>
                <generateCraters>true</generateCraters>
                <generateVolcanos>false</generateVolcanos>
                <generateStructures>false</generateStructures>
                <generateGeodes>false</generateGeodes>
                <craterFrequencyMultiplier>1.0</craterFrequencyMultiplier>
                <biomeIds>minecraft:mesa,minecraft:plains,minecraft:desert,minecraft:mutated_savanna_rock,minecraft:stone_beach</biomeIds>
            </planet>
            <planet DIMID="36" name="Sol-33: 2">
                <isKnown>false</isKnown>
                <fogColor>1.0,1.0,1.0</fogColor>
                <skyColor>0.31439447,0.93446505,1.0</skyColor>
                <gravitationalMultiplier>35</gravitationalMultiplier>
                <orbitalDistance>105</orbitalDistance>
                <orbitalTheta>17</orbitalTheta>
                <orbitalPhi>144</orbitalPhi>
                <avgTemperature>24</avgTemperature>
                <rotationalPeriod>559766</rotationalPeriod>
                <atmosphereDensity>28</atmosphereDensity>
                <generateCraters>true</generateCraters>
                <generateVolcanos>false</generateVolcanos>
                <generateStructures>false</generateStructures>
                <generateGeodes>false</generateGeodes>
                <craterFrequencyMultiplier>1.0</craterFrequencyMultiplier>
                <biomeIds>minecraft:forest,minecraft:extreme_hills_with_trees,minecraft:stone_beach,minecraft:extreme_hills,minecraft:birch_forest_hills</biomeIds>
            </planet>
        </planet>
        <planet DIMID="37" name="Sol-37">
            <isKnown>false</isKnown>
            <fogColor>1.0,1.0,1.0</fogColor>
            <skyColor>0.341012,0.8943408,1.0</skyColor>
            <gravitationalMultiplier>111</gravitationalMultiplier>
            <orbitalDistance>120</orbitalDistance>
            <orbitalTheta>162</orbitalTheta>
            <orbitalPhi>55</orbitalPhi>
            <avgTemperature>26</avgTemperature>
            <rotationalPeriod>17548</rotationalPeriod>
            <atmosphereDensity>133</atmosphereDensity>
            <generateCraters>false</generateCraters>
            <generateVolcanos>false</generateVolcanos>
            <generateStructures>false</generateStructures>
            <generateGeodes>true</generateGeodes>
            <geodefrequencyMultiplier>1.0</geodefrequencyMultiplier>
            <biomeIds>minecraft:roofed_forest,minecraft:mutated_extreme_hills,advancedrocketry:marsh,minecraft:swampland,minecraft:mutated_extreme_hills_with_trees</biomeIds>
            <planet DIMID="38" name="Sol-37: 0">
                <isKnown>false</isKnown>
                <fogColor>1.0,1.0,1.0</fogColor>
                <skyColor>0.35152227,0.84222996,1.0</skyColor>
                <gravitationalMultiplier>44</gravitationalMultiplier>
                <orbitalDistance>168</orbitalDistance>
                <orbitalTheta>273</orbitalTheta>
                <orbitalPhi>-220</orbitalPhi>
                <avgTemperature>19</avgTemperature>
                <rotationalPeriod>281743</rotationalPeriod>
                <atmosphereDensity>29</atmosphereDensity>
                <generateCraters>true</generateCraters>
                <generateVolcanos>false</generateVolcanos>
                <generateStructures>false</generateStructures>
                <generateGeodes>false</generateGeodes>
                <craterFrequencyMultiplier>1.0</craterFrequencyMultiplier>
                <biomeIds>minecraft:mesa,minecraft:extreme_hills,minecraft:mutated_roofed_forest,minecraft:savanna_rock,advancedrocketry:marsh</biomeIds>
            </planet>
        </planet>
        <planet DIMID="39" name="Sol-39">
            <isKnown>false</isKnown>
            <fogColor>1.0,1.0,1.0</fogColor>
            <skyColor>0.3640313,0.9272593,1.0</skyColor>
            <gravitationalMultiplier>126</gravitationalMultiplier>
            <orbitalDistance>83</orbitalDistance>
            <orbitalTheta>39</orbitalTheta>
            <orbitalPhi>-232</orbitalPhi>
            <avgTemperature>28</avgTemperature>
            <rotationalPeriod>11997</rotationalPeriod>
            <atmosphereDensity>96</atmosphereDensity>
            <generateCraters>false</generateCraters>
            <generateVolcanos>false</generateVolcanos>
            <generateStructures>false</generateStructures>
            <generateGeodes>false</generateGeodes>
            <biomeIds>minecraft:plains,minecraft:mesa_rock,minecraft:roofed_forest,minecraft:mutated_redwood_taiga,minecraft:desert</biomeIds>
        </planet>
        <planet DIMID="28" name="Sol-28">
            <isKnown>false</isKnown>
            <fogColor>1.0,1.0,1.0</fogColor>
            <skyColor>0.37207764,0.68586886,1.0</skyColor>
            <gravitationalMultiplier>126</gravitationalMultiplier>
            <orbitalDistance>75</orbitalDistance>
            <orbitalTheta>224</orbitalTheta>
            <orbitalPhi>-269</orbitalPhi>
            <avgTemperature>33</avgTemperature>
            <rotationalPeriod>11997</rotationalPeriod>
            <atmosphereDensity>166</atmosphereDensity>
            <generateCraters>false</generateCraters>
            <generateVolcanos>false</generateVolcanos>
            <generateStructures>false</generateStructures>
            <generateGeodes>true</generateGeodes>
            <geodefrequencyMultiplier>1.0</geodefrequencyMultiplier>
            <biomeIds>minecraft:extreme_hills,minecraft:mutated_roofed_forest,minecraft:forest_hills,minecraft:plains,advancedrocketry:oceanspires</biomeIds>
            <planet DIMID="29" name="Sol-28: 0">
                <isKnown>false</isKnown>
                <fogColor>1.0,1.0,1.0</fogColor>
                <skyColor>0.31519234,0.75704646,1.0</skyColor>
                <gravitationalMultiplier>81</gravitationalMultiplier>
                <orbitalDistance>123</orbitalDistance>
                <orbitalTheta>46</orbitalTheta>
                <orbitalPhi>10</orbitalPhi>
                <avgTemperature>23</avgTemperature>
                <rotationalPeriod>45160</rotationalPeriod>
                <atmosphereDensity>22</atmosphereDensity>
                <generateCraters>true</generateCraters>
                <generateVolcanos>false</generateVolcanos>
                <generateStructures>false</generateStructures>
                <generateGeodes>false</generateGeodes>
                <craterFrequencyMultiplier>1.0</craterFrequencyMultiplier>
                <biomeIds>advancedrocketry:moon,advancedrocketry:moondark</biomeIds>
            </planet>
            <planet DIMID="30" name="Sol-28: 1">
                <isKnown>false</isKnown>
                <fogColor>1.0,1.0,1.0</fogColor>
                <skyColor>0.28091848,0.7497839,1.0</skyColor>
                <gravitationalMultiplier>73</gravitationalMultiplier>
                <orbitalDistance>173</orbitalDistance>
                <orbitalTheta>6</orbitalTheta>
                <orbitalPhi>10</orbitalPhi>
                <avgTemperature>19</avgTemperature>
                <rotationalPeriod>61693</rotationalPeriod>
                <atmosphereDensity>23</atmosphereDensity>
                <generateCraters>true</generateCraters>
                <generateVolcanos>false</generateVolcanos>
                <generateStructures>false</generateStructures>
                <generateGeodes>false</generateGeodes>
                <craterFrequencyMultiplier>1.0</craterFrequencyMultiplier>
                <biomeIds>advancedrocketry:moon,advancedrocketry:moondark</biomeIds>
            </planet>
        </planet>
        <planet DIMID="31" name="Sol-31">
            <isKnown>false</isKnown>
            <fogColor>1.0,1.0,1.0</fogColor>
            <skyColor>0.35802382,0.7499827,1.0</skyColor>
            <gravitationalMultiplier>104</gravitationalMultiplier>
            <orbitalDistance>147</orbitalDistance>
            <orbitalTheta>7</orbitalTheta>
            <orbitalPhi>0</orbitalPhi>
            <avgTemperature>23</avgTemperature>
            <rotationalPeriod>20732</rotationalPeriod>
            <atmosphereDensity>122</atmosphereDensity>
            <generateCraters>false</generateCraters>
            <generateVolcanos>false</generateVolcanos>
            <generateStructures>false</generateStructures>
            <generateGeodes>false</generateGeodes>
            <biomeIds>minecraft:mutated_jungle_edge,advancedrocketry:marsh,minecraft:stone_beach,minecraft:beaches,advancedrocketry:oceanspires</biomeIds>
            <planet DIMID="32" name="Sol-31: 0">
                <isKnown>false</isKnown>
                <fogColor>1.0,1.0,1.0</fogColor>
                <skyColor>0.3417498,0.52364594,1.0</skyColor>
                <gravitationalMultiplier>56</gravitationalMultiplier>
                <orbitalDistance>119</orbitalDistance>
                <orbitalTheta>202</orbitalTheta>
                <orbitalPhi>-143</orbitalPhi>
                <avgTemperature>23</avgTemperature>
                <rotationalPeriod>136661</rotationalPeriod>
                <atmosphereDensity>14</atmosphereDensity>
                <generateCraters>true</generateCraters>
                <generateVolcanos>false</generateVolcanos>
                <generateStructures>false</generateStructures>
                <generateGeodes>false</generateGeodes>
                <craterFrequencyMultiplier>1.0</craterFrequencyMultiplier>
                <seaLevel>73</seaLevel>
                <biomeIds>advancedrocketry:moon,advancedrocketry:moondark</biomeIds>
                <oceanBlock>advancedrocketry:oxygenfluid</oceanBlock>
            </planet>
        </planet>
    </star>
    <star blackHole="false" name="Epsilon ire" numGasGiants="0" numPlanets="0" size="1.0" temp="170" x="-200" y="80">
        <planet DIMID="48" name="Sol-48">
            <isKnown>false</isKnown>
            <fogColor>1.0,1.0,1.0</fogColor>
            <skyColor>0.8,0.8313488,0.0</skyColor>
            <gravitationalMultiplier>98</gravitationalMultiplier>
            <orbitalDistance>14</orbitalDistance>
            <orbitalTheta>27</orbitalTheta>
            <orbitalPhi>-1</orbitalPhi>
            <avgTemperature>1307</avgTemperature>
            <rotationalPeriod>25499</rotationalPeriod>
            <atmosphereDensity>138</atmosphereDensity>
            <generateCraters>false</generateCraters>
            <generateVolcanos>true</generateVolcanos>
            <generateStructures>false</generateStructures>
            <generateGeodes>true</generateGeodes>
            <volcanoFrequencyMultiplier>1.0</volcanoFrequencyMultiplier>
            <geodefrequencyMultiplier>1.0</geodefrequencyMultiplier>
            <seaLevel>61</seaLevel>
            <biomeIds>advancedrocketry:hotdryrock,advancedrocketry:volcanic,advancedrocketry:volcanicbarren</biomeIds>
            <oceanBlock>minecraft:lava</oceanBlock>
        </planet>
        <planet DIMID="49" name="Sol-49">
            <isKnown>false</isKnown>
            <fogColor>1.0,1.0,1.0</fogColor>
            <skyColor>0.8,0.7198819,0.28643167</skyColor>
            <gravitationalMultiplier>130</gravitationalMultiplier>
            <orbitalDistance>107</orbitalDistance>
            <orbitalTheta>66</orbitalTheta>
            <orbitalPhi>-165</orbitalPhi>
            <avgTemperature>420</avgTemperature>
            <rotationalPeriod>10923</rotationalPeriod>
            <atmosphereDensity>79</atmosphereDensity>
            <generateCraters>false</generateCraters>
            <generateVolcanos>false</generateVolcanos>
            <generateStructures>true</generateStructures>
            <generateGeodes>false</generateGeodes>
            <biomeIds>minecraft:savanna,minecraft:jungle_edge,minecraft:mutated_mesa_clear_rock,minecraft:deep_ocean,minecraft:frozen_ocean</biomeIds>
            <planet DIMID="50" name="Sol-49: 0">
                <isKnown>false</isKnown>
                <fogColor>1.0,1.0,1.0</fogColor>
                <skyColor>0.8,0.78233796,0.2607798</skyColor>
                <gravitationalMultiplier>79</gravitationalMultiplier>
                <orbitalDistance>102</orbitalDistance>
                <orbitalTheta>82</orbitalTheta>
                <orbitalPhi>-83</orbitalPhi>
                <avgTemperature>430</avgTemperature>
                <rotationalPeriod>48677</rotationalPeriod>
                <atmosphereDensity>23</atmosphereDensity>
                <generateCraters>true</generateCraters>
                <generateVolcanos>false</generateVolcanos>
                <generateStructures>false</generateStructures>
                <generateGeodes>false</generateGeodes>
                <craterFrequencyMultiplier>1.0</craterFrequencyMultiplier>
                <biomeIds>advancedrocketry:moon,advancedrocketry:moondark</biomeIds>
            </planet>
            <planet DIMID="51" name="Sol-49: 1">
                <isKnown>false</isKnown>
                <fogColor>1.0,1.0,1.0</fogColor>
                <skyColor>0.8,0.8374606,0.5337394</skyColor>
                <gravitationalMultiplier>40</gravitationalMultiplier>
                <orbitalDistance>162</orbitalDistance>
                <orbitalTheta>244</orbitalTheta>
                <orbitalPhi>14</orbitalPhi>
                <avgTemperature>341</avgTemperature>
                <rotationalPeriod>375000</rotationalPeriod>
                <atmosphereDensity>28</atmosphereDensity>
                <generateCraters>true</generateCraters>
                <generateVolcanos>false</generateVolcanos>
                <generateStructures>false</generateStructures>
                <generateGeodes>false</generateGeodes>
                <craterFrequencyMultiplier>1.0</craterFrequencyMultiplier>
                <seaLevel>50</seaLevel>
                <biomeIds>advancedrocketry:oceanspires,minecraft:mutated_desert,minecraft:desert_hills,minecraft:jungle_edge,minecraft:jungle</biomeIds>
            </planet>
        </planet>
        <planet DIMID="52" name="Sol-52">
            <isKnown>false</isKnown>
            <fogColor>1.0,1.0,1.0</fogColor>
            <skyColor>0.8,0.61130667,0.09374499</skyColor>
            <gravitationalMultiplier>124</gravitationalMultiplier>
            <orbitalDistance>112</orbitalDistance>
            <orbitalTheta>9</orbitalTheta>
            <orbitalPhi>-86</orbitalPhi>
            <avgTemperature>462</avgTemperature>
            <rotationalPeriod>12587</rotationalPeriod>
            <atmosphereDensity>124</atmosphereDensity>
            <generateCraters>false</generateCraters>
            <generateVolcanos>true</generateVolcanos>
            <generateStructures>false</generateStructures>
            <generateGeodes>false</generateGeodes>
            <volcanoFrequencyMultiplier>1.0</volcanoFrequencyMultiplier>
            <biomeIds>advancedrocketry:hotdryrock,advancedrocketry:volcanic,advancedrocketry:volcanicbarren</biomeIds>
            <planet DIMID="53" name="Sol-52: 0">
                <isKnown>false</isKnown>
                <fogColor>1.0,1.0,1.0</fogColor>
                <skyColor>0.8,0.8886231,0.5190463</skyColor>
                <gravitationalMultiplier>85</gravitationalMultiplier>
                <orbitalDistance>151</orbitalDistance>
                <orbitalTheta>27</orbitalTheta>
                <orbitalPhi>-6</orbitalPhi>
                <avgTemperature>353</avgTemperature>
                <rotationalPeriod>39079</rotationalPeriod>
                <atmosphereDensity>31</atmosphereDensity>
                <generateCraters>true</generateCraters>
                <generateVolcanos>false</generateVolcanos>
                <generateStructures>false</generateStructures>
                <generateGeodes>false</generateGeodes>
                <craterFrequencyMultiplier>1.0</craterFrequencyMultiplier>
                <biomeIds>minecraft:mutated_savanna,minecraft:mutated_jungle_edge,minecraft:ocean,advancedrocketry:volcanicbarren,minecraft:mutated_mesa</biomeIds>
            </planet>
            <planet DIMID="54" name="Sol-52: 1">
                <isKnown>false</isKnown>
                <fogColor>1.0,1.0,1.0</fogColor>
                <skyColor>0.8,0.6568354,0.43349028</skyColor>
                <gravitationalMultiplier>65</gravitationalMultiplier>
                <orbitalDistance>144</orbitalDistance>
                <orbitalTheta>238</orbitalTheta>
                <orbitalPhi>-336</orbitalPhi>
                <avgTemperature>362</avgTemperature>
                <rotationalPeriod>87391</rotationalPeriod>
                <atmosphereDensity>15</atmosphereDensity>
                <generateCraters>true</generateCraters>
                <generateVolcanos>false</generateVolcanos>
                <generateStructures>false</generateStructures>
                <generateGeodes>false</generateGeodes>
                <craterFrequencyMultiplier>1.0</craterFrequencyMultiplier>
                <biomeIds>advancedrocketry:moon,advancedrocketry:moondark</biomeIds>
            </planet>
            <oceanBlock>minecraft:lava</oceanBlock>
        </planet>
        <planet DIMID="40" name="Sol-40">
            <isKnown>false</isKnown>
            <fogColor>1.0,1.0,1.0</fogColor>
            <skyColor>0.8,0.9589158,0.0</skyColor>
            <gravitationalMultiplier>129</gravitationalMultiplier>
            <orbitalDistance>38</orbitalDistance>
            <orbitalTheta>317</orbitalTheta>
            <orbitalPhi>67</orbitalPhi>
            <avgTemperature>943</avgTemperature>
            <rotationalPeriod>11180</rotationalPeriod>
            <atmosphereDensity>210</atmosphereDensity>
            <generateCraters>false</generateCraters>
            <generateVolcanos>true</generateVolcanos>
            <generateStructures>false</generateStructures>
            <generateGeodes>true</generateGeodes>
            <volcanoFrequencyMultiplier>1.0</volcanoFrequencyMultiplier>
            <geodefrequencyMultiplier>1.0</geodefrequencyMultiplier>
            <biomeIds>advancedrocketry:hotdryrock,advancedrocketry:volcanic,advancedrocketry:volcanicbarren</biomeIds>
            <planet DIMID="41" name="Sol-40: 0">
                <isKnown>false</isKnown>
                <fogColor>1.0,1.0,1.0</fogColor>
                <skyColor>0.8,0.80914915,0.53065675</skyColor>
                <gravitationalMultiplier>80</gravitationalMultiplier>
                <orbitalDistance>167</orbitalDistance>
                <orbitalTheta>114</orbitalTheta>
                <orbitalPhi>187</orbitalPhi>
                <avgTemperature>336</avgTemperature>
                <rotationalPeriod>46875</rotationalPeriod>
                <atmosphereDensity>22</atmosphereDensity>
                <generateCraters>true</generateCraters>
                <generateVolcanos>false</generateVolcanos>
                <generateStructures>false</generateStructures>
                <generateGeodes>false</generateGeodes>
                <craterFrequencyMultiplier>1.0</craterFrequencyMultiplier>
                <biomeIds>advancedrocketry:moon,advancedrocketry:moondark</biomeIds>
            </planet>
            <planet DIMID="42" name="Sol-40: 1">
                <isKnown>false</isKnown>
                <fogColor>1.0,1.0,1.0</fogColor>
                <skyColor>0.8,0.84270453,0.519609</skyColor>
                <gravitationalMultiplier>52</gravitationalMultiplier>
                <orbitalDistance>172</orbitalDistance>
                <orbitalTheta>145</orbitalTheta>
                <orbitalPhi>27</orbitalPhi>
                <avgTemperature>331</avgTemperature>
                <rotationalPeriod>170687</rotationalPeriod>
                <atmosphereDensity>16</atmosphereDensity>
                <generateCraters>true</generateCraters>
                <generateVolcanos>false</generateVolcanos>
                <generateStructures>false</generateStructures>
                <generateGeodes>false</generateGeodes>
                <craterFrequencyMultiplier>1.0</craterFrequencyMultiplier>
                <seaLevel>75</seaLevel>
                <biomeIds>advancedrocketry:moon,advancedrocketry:moondark</biomeIds>
                <oceanBlock>advancedrocketry:oxygenfluid</oceanBlock>
            </planet>
            <oceanBlock>minecraft:lava</oceanBlock>
        </planet>
        <planet DIMID="43" name="Sol-43">
            <isKnown>false</isKnown>
            <fogColor>1.0,1.0,1.0</fogColor>
            <skyColor>0.8,0.5284517,0.0</skyColor>
            <gravitationalMultiplier>97</gravitationalMultiplier>
            <orbitalDistance>75</orbitalDistance>
            <orbitalTheta>231</orbitalTheta>
            <orbitalPhi>-172</orbitalPhi>
            <avgTemperature>564</avgTemperature>
            <rotationalPeriod>26296</rotationalPeriod>
            <atmosphereDensity>147</atmosphereDensity>
            <generateCraters>false</generateCraters>
            <generateVolcanos>true</generateVolcanos>
            <generateStructures>false</generateStructures>
            <generateGeodes>true</generateGeodes>
            <volcanoFrequencyMultiplier>1.0</volcanoFrequencyMultiplier>
            <geodefrequencyMultiplier>1.0</geodefrequencyMultiplier>
            <biomeIds>advancedrocketry:hotdryrock,advancedrocketry:volcanic,advancedrocketry:volcanicbarren</biomeIds>
            <oceanBlock>minecraft:lava</oceanBlock>
        </planet>
        <planet DIMID="44" name="Sol-44">
            <isKnown>false</isKnown>
            <fogColor>1.0,1.0,1.0</fogColor>
            <skyColor>0.8,0.7028004,0.5773623</skyColor>
            <gravitationalMultiplier>130</gravitationalMultiplier>
            <orbitalDistance>177</orbitalDistance>
            <orbitalTheta>316</orbitalTheta>
            <orbitalPhi>-327</orbitalPhi>
            <avgTemperature>326</avgTemperature>
            <rotationalPeriod>10923</rotationalPeriod>
            <atmosphereDensity>51</atmosphereDensity>
            <generateCraters>true</generateCraters>
            <generateVolcanos>false</generateVolcanos>
            <generateStructures>false</generateStructures>
            <generateGeodes>false</generateGeodes>
            <craterFrequencyMultiplier>1.0</craterFrequencyMultiplier>
            <biomeIds>minecraft:extreme_hills</biomeIds>
        </planet>
        <planet DIMID="45" name="Sol-45">
            <isKnown>false</isKnown>
            <fogColor>1.0,1.0,1.0</fogColor>
            <skyColor>0.8,0.5706805,0.30644727</skyColor>
            <gravitationalMultiplier>130</gravitationalMultiplier>
            <orbitalDistance>139</orbitalDistance>
            <orbitalTheta>146</orbitalTheta>
            <orbitalPhi>-189</orbitalPhi>
            <avgTemperature>415</avgTemperature>
            <rotationalPeriod>10923</rotationalPeriod>
            <atmosphereDensity>197</atmosphereDensity>
            <generateCraters>false</generateCraters>
            <generateVolcanos>false</generateVolcanos>
            <generateStructures>true</generateStructures>
            <generateGeodes>true</generateGeodes>
            <geodefrequencyMultiplier>1.0</geodefrequencyMultiplier>
            <biomeIds>minecraft:desert,minecraft:frozen_ocean,advancedrocketry:marsh,minecraft:mutated_desert,minecraft:savanna_rock</biomeIds>
            <planet DIMID="46" name="Sol-45: 0">
                <isKnown>false</isKnown>
                <fogColor>1.0,1.0,1.0</fogColor>
                <skyColor>0.8,0.90368974,0.46759057</skyColor>
                <gravitationalMultiplier>49</gravitationalMultiplier>
                <orbitalDistance>144</orbitalDistance>
                <orbitalTheta>202</orbitalTheta>
                <orbitalPhi>15</orbitalPhi>
                <avgTemperature>362</avgTemperature>
                <rotationalPeriod>203996</rotationalPeriod>
                <atmosphereDensity>18</atmosphereDensity>
                <generateCraters>true</generateCraters>
                <generateVolcanos>false</generateVolcanos>
                <generateStructures>false</generateStructures>
                <generateGeodes>false</generateGeodes>
                <craterFrequencyMultiplier>1.0</craterFrequencyMultiplier>
                <biomeIds>advancedrocketry:moon,advancedrocketry:moondark</biomeIds>
            </planet>
            <planet DIMID="47" name="Sol-45: 1">
                <isKnown>false</isKnown>
                <fogColor>1.0,1.0,1.0</fogColor>
                <skyColor>0.8,0.6360382,0.2605695</skyColor>
                <gravitationalMultiplier>78</gravitationalMultiplier>
                <orbitalDistance>112</orbitalDistance>
                <orbitalTheta>223</orbitalTheta>
                <orbitalPhi>228</orbitalPhi>
                <avgTemperature>410</avgTemperature>
                <rotationalPeriod>50574</rotationalPeriod>
                <atmosphereDensity>32</atmosphereDensity>
                <generateCraters>true</generateCraters>
                <generateVolcanos>false</generateVolcanos>
                <generateStructures>false</generateStructures>
                <generateGeodes>false</generateGeodes>
                <craterFrequencyMultiplier>1.0</craterFrequencyMultiplier>
                <biomeIds>minecraft:extreme_hills</biomeIds>
            </planet>
        </planet>
    </star>
    <star blackHole="false" name="Proxima Centaurs" numGasGiants="0" numPlanets="0" size="1.0" temp="200" x="-150" y="250">
        <planet DIMID="55" name="Sol-55">
            <isKnown>false</isKnown>
            <fogColor>1.0,1.0,1.0</fogColor>
            <skyColor>0.8,0.82973814,0.0</skyColor>
            <gravitationalMultiplier>130</gravitationalMultiplier>
            <orbitalDistance>33</orbitalDistance>
            <orbitalTheta>19</orbitalTheta>
            <orbitalPhi>-89</orbitalPhi>
            <avgTemperature>1002</avgTemperature>
            <rotationalPeriod>10923</rotationalPeriod>
            <atmosphereDensity>170</atmosphereDensity>
            <generateCraters>false</generateCraters>
            <generateVolcanos>true</generateVolcanos>
            <generateStructures>false</generateStructures>
            <generateGeodes>true</generateGeodes>
            <volcanoFrequencyMultiplier>1.0</volcanoFrequencyMultiplier>
            <geodefrequencyMultiplier>1.0</geodefrequencyMultiplier>
            <biomeIds>advancedrocketry:hotdryrock,advancedrocketry:volcanic,advancedrocketry:volcanicbarren</biomeIds>
            <planet DIMID="56" name="Sol-55: 0">
                <isKnown>false</isKnown>
                <fogColor>1.0,1.0,1.0</fogColor>
                <skyColor>0.8,0.5373715,0.41739357</skyColor>
                <gravitationalMultiplier>62</gravitationalMultiplier>
                <orbitalDistance>180</orbitalDistance>
                <orbitalTheta>144</orbitalTheta>
                <orbitalPhi>-143</orbitalPhi>
                <avgTemperature>381</avgTemperature>
                <rotationalPeriod>100701</rotationalPeriod>
                <atmosphereDensity>30</atmosphereDensity>
                <generateCraters>true</generateCraters>
                <generateVolcanos>false</generateVolcanos>
                <generateStructures>false</generateStructures>
                <generateGeodes>false</generateGeodes>
                <craterFrequencyMultiplier>1.0</craterFrequencyMultiplier>
                <biomeIds>minecraft:deep_ocean,advancedrocketry:marsh,minecraft:savanna_rock,minecraft:mutated_desert,advancedrocketry:volcanicbarren</biomeIds>
            </planet>
            <planet DIMID="57" name="Sol-55: 1">
                <isKnown>false</isKnown>
                <fogColor>1.0,1.0,1.0</fogColor>
                <skyColor>0.8,0.87573504,0.4234643</skyColor>
                <gravitationalMultiplier>54</gravitationalMultiplier>
                <orbitalDistance>186</orbitalDistance>
                <orbitalTheta>164</orbitalTheta>
                <orbitalPhi>8</orbitalPhi>
                <avgTemperature>375</avgTemperature>
                <rotationalPeriod>152415</rotationalPeriod>
                <atmosphereDensity>29</atmosphereDensity>
                <generateCraters>true</generateCraters>
                <generateVolcanos>false</generateVolcanos>
                <generateStructures>false</generateStructures>
                <generateGeodes>false</generateGeodes>
                <craterFrequencyMultiplier>1.0</craterFrequencyMultiplier>
                <biomeIds>minecraft:desert_hills,minecraft:mutated_mesa_clear_rock,minecraft:mutated_jungle,advancedrocketry:oceanspires,advancedrocketry:volcanicbarren</biomeIds>
            </planet>
            <oceanBlock>minecraft:lava</oceanBlock>
        </planet>
        <planet DIMID="58" name="Sol-58">
            <isKnown>false</isKnown>
            <fogColor>1.0,1.0,1.0</fogColor>
            <skyColor>0.8,0.85296863,0.0</skyColor>
            <gravitationalMultiplier>130</gravitationalMultiplier>
            <orbitalDistance>108</orbitalDistance>
            <orbitalTheta>70</orbitalTheta>
            <orbitalPhi>-25</orbitalPhi>
            <avgTemperature>492</avgTemperature>
            <rotationalPeriod>10923</rotationalPeriod>
            <atmosphereDensity>52</atmosphereDensity>
            <generateCraters>true</generateCraters>
            <generateVolcanos>true</generateVolcanos>
            <generateStructures>false</generateStructures>
            <generateGeodes>false</generateGeodes>
            <craterFrequencyMultiplier>1.0</craterFrequencyMultiplier>
            <volcanoFrequencyMultiplier>1.0</volcanoFrequencyMultiplier>
            <biomeIds>advancedrocketry:hotdryrock,advancedrocketry:volcanic,advancedrocketry:volcanicbarren</biomeIds>
            <oceanBlock>minecraft:lava</oceanBlock>
        </planet>
        <planet DIMID="59" name="Sol-59">
            <isKnown>false</isKnown>
            <fogColor>1.0,1.0,1.0</fogColor>
            <skyColor>0.8,0.6559171,0.060043693</skyColor>
            <gravitationalMultiplier>110</gravitationalMultiplier>
            <orbitalDistance>122</orbitalDistance>
            <orbitalTheta>244</orbitalTheta>
            <orbitalPhi>101</orbitalPhi>
            <avgTemperature>463</avgTemperature>
            <rotationalPeriod>18031</rotationalPeriod>
            <atmosphereDensity>55</atmosphereDensity>
            <generateCraters>true</generateCraters>
            <generateVolcanos>true</generateVolcanos>
            <generateStructures>false</generateStructures>
            <generateGeodes>false</generateGeodes>
            <craterFrequencyMultiplier>1.0</craterFrequencyMultiplier>
            <volcanoFrequencyMultiplier>1.0</volcanoFrequencyMultiplier>
            <biomeIds>advancedrocketry:hotdryrock,advancedrocketry:volcanic,advancedrocketry:volcanicbarren</biomeIds>
            <planet DIMID="60" name="Sol-59: 0">
                <isKnown>false</isKnown>
                <fogColor>1.0,1.0,1.0</fogColor>
                <skyColor>0.8,0.82807547,0.43778175</skyColor>
                <gravitationalMultiplier>58</gravitationalMultiplier>
                <orbitalDistance>192</orbitalDistance>
                <orbitalTheta>335</orbitalTheta>
                <orbitalPhi>-45</orbitalPhi>
                <avgTemperature>369</avgTemperature>
                <rotationalPeriod>123006</rotationalPeriod>
                <atmosphereDensity>13</atmosphereDensity>
                <generateCraters>true</generateCraters>
                <generateVolcanos>false</generateVolcanos>
                <generateStructures>false</generateStructures>
                <generateGeodes>false</generateGeodes>
                <craterFrequencyMultiplier>1.0</craterFrequencyMultiplier>
                <seaLevel>78</seaLevel>
                <biomeIds>advancedrocketry:moon,advancedrocketry:moondark</biomeIds>
            </planet>
            <oceanBlock>minecraft:lava</oceanBlock>
        </planet>
    </star>
    <star blackHole="false" name="Magnis Vulpes" numGasGiants="0" numPlanets="0" size="1.0" temp="70" x="-150" y="-250">
        <planet DIMID="64" name="Sol-64">
            <isKnown>false</isKnown>
            <fogColor>1.0,1.0,1.0</fogColor>
            <skyColor>0.8,0.65224785,1.0</skyColor>
            <gravitationalMultiplier>130</gravitationalMultiplier>
            <orbitalDistance>154</orbitalDistance>
            <orbitalTheta>312</orbitalTheta>
            <orbitalPhi>-141</orbitalPhi>
            <avgTemperature>162</avgTemperature>
            <rotationalPeriod>10923</rotationalPeriod>
            <atmosphereDensity>120</atmosphereDensity>
            <generateCraters>false</generateCraters>
            <generateVolcanos>false</generateVolcanos>
            <generateStructures>false</generateStructures>
            <generateGeodes>false</generateGeodes>
            <biomeIds>minecraft:jungle,minecraft:savanna,minecraft:mesa_clear_rock,minecraft:mutated_redwood_taiga_hills,minecraft:beaches</biomeIds>
            <planet DIMID="65" name="Sol-64: 0">
                <isKnown>false</isKnown>
                <fogColor>1.0,1.0,1.0</fogColor>
                <skyColor>0.7442367,0.71184826,1.0</skyColor>
                <gravitationalMultiplier>50</gravitationalMultiplier>
                <orbitalDistance>132</orbitalDistance>
                <orbitalTheta>261</orbitalTheta>
                <orbitalPhi>-309</orbitalPhi>
                <avgTemperature>155</avgTemperature>
                <rotationalPeriod>192000</rotationalPeriod>
                <atmosphereDensity>22</atmosphereDensity>
                <generateCraters>true</generateCraters>
                <generateVolcanos>false</generateVolcanos>
                <generateStructures>false</generateStructures>
                <generateGeodes>false</generateGeodes>
                <craterFrequencyMultiplier>1.0</craterFrequencyMultiplier>
                <biomeIds>advancedrocketry:moon,advancedrocketry:moondark</biomeIds>
            </planet>
            <planet DIMID="66" name="Sol-64: 1">
                <isKnown>false</isKnown>
                <fogColor>1.0,1.0,1.0</fogColor>
                <skyColor>0.7349791,0.72187936,1.0</skyColor>
                <gravitationalMultiplier>74</gravitationalMultiplier>
                <orbitalDistance>124</orbitalDistance>
                <orbitalTheta>43</orbitalTheta>
                <orbitalPhi>-31</orbitalPhi>
                <avgTemperature>160</avgTemperature>
                <rotationalPeriod>59226</rotationalPeriod>
                <atmosphereDensity>17</atmosphereDensity>
                <generateCraters>true</generateCraters>
                <generateVolcanos>false</generateVolcanos>
                <generateStructures>false</generateStructures>
                <generateGeodes>false</generateGeodes>
                <craterFrequencyMultiplier>1.0</craterFrequencyMultiplier>
                <seaLevel>66</seaLevel>
                <biomeIds>advancedrocketry:moon,advancedrocketry:moondark</biomeIds>
                <oceanBlock>advancedrocketry:oxygenfluid</oceanBlock>
            </planet>
            <planet DIMID="67" name="Sol-64: 2">
                <isKnown>false</isKnown>
                <fogColor>1.0,1.0,1.0</fogColor>
                <skyColor>0.8,0.9695031,1.0</skyColor>
                <gravitationalMultiplier>71</gravitationalMultiplier>
                <orbitalDistance>111</orbitalDistance>
                <orbitalTheta>252</orbitalTheta>
                <orbitalPhi>154</orbitalPhi>
                <avgTemperature>169</avgTemperature>
                <rotationalPeriod>67055</rotationalPeriod>
                <atmosphereDensity>18</atmosphereDensity>
                <generateCraters>true</generateCraters>
                <generateVolcanos>false</generateVolcanos>
                <generateStructures>false</generateStructures>
                <generateGeodes>false</generateGeodes>
                <craterFrequencyMultiplier>1.0</craterFrequencyMultiplier>
                <biomeIds>advancedrocketry:moon,advancedrocketry:moondark</biomeIds>
            </planet>
        </planet>
        <planet DIMID="61" name="Sol-61">
            <isKnown>false</isKnown>
            <fogColor>1.0,1.0,1.0</fogColor>
            <skyColor>0.8,0.83401257,0.54545736</skyColor>
            <gravitationalMultiplier>124</gravitationalMultiplier>
            <orbitalDistance>34</orbitalDistance>
            <orbitalTheta>303</orbitalTheta>
            <orbitalPhi>-105</orbitalPhi>
            <avgTemperature>345</avgTemperature>
            <rotationalPeriod>12587</rotationalPeriod>
            <atmosphereDensity>179</atmosphereDensity>
            <generateCraters>false</generateCraters>
            <generateVolcanos>false</generateVolcanos>
            <generateStructures>true</generateStructures>
            <generateGeodes>true</generateGeodes>
            <geodefrequencyMultiplier>1.0</geodefrequencyMultiplier>
            <biomeIds>advancedrocketry:volcanicbarren,minecraft:mutated_mesa,minecraft:desert,advancedrocketry:oceanspires,minecraft:savanna</biomeIds>
            <planet DIMID="62" name="Sol-61: 0">
                <isKnown>false</isKnown>
                <hasRings>true</hasRings>
                <ringColor>0.79546255,0.85672796,1.0</ringColor>
                <fogColor>1.0,1.0,1.0</fogColor>
                <skyColor>0.79546255,0.85672796,1.0</skyColor>
                <gravitationalMultiplier>54</gravitationalMultiplier>
                <orbitalDistance>111</orbitalDistance>
                <orbitalTheta>41</orbitalTheta>
                <orbitalPhi>-126</orbitalPhi>
                <avgTemperature>169</avgTemperature>
                <rotationalPeriod>152415</rotationalPeriod>
                <atmosphereDensity>14</atmosphereDensity>
                <generateCraters>true</generateCraters>
                <generateVolcanos>false</generateVolcanos>
                <generateStructures>false</generateStructures>
                <generateGeodes>false</generateGeodes>
                <craterFrequencyMultiplier>1.0</craterFrequencyMultiplier>
                <seaLevel>77</seaLevel>
                <biomeIds>advancedrocketry:moon,advancedrocketry:moondark</biomeIds>
            </planet>
            <planet DIMID="63" name="Sol-61: 1">
                <isKnown>false</isKnown>
                <fogColor>1.0,1.0,1.0</fogColor>
                <skyColor>0.7094004,0.76132405,1.0</skyColor>
                <gravitationalMultiplier>60</gravitationalMultiplier>
                <orbitalDistance>145</orbitalDistance>
                <orbitalTheta>209</orbitalTheta>
                <orbitalPhi>-61</orbitalPhi>
                <avgTemperature>148</avgTemperature>
                <rotationalPeriod>111111</rotationalPeriod>
                <atmosphereDensity>16</atmosphereDensity>
                <generateCraters>true</generateCraters>
                <generateVolcanos>false</generateVolcanos>
                <generateStructures>false</generateStructures>
                <generateGeodes>false</generateGeodes>
                <craterFrequencyMultiplier>1.0</craterFrequencyMultiplier>
                <seaLevel>75</seaLevel>
                <biomeIds>advancedrocketry:moon,advancedrocketry:moondark</biomeIds>
                <oceanBlock>advancedrocketry:oxygenfluid</oceanBlock>
            </planet>
        </planet>
    </star>
    <star blackHole="false" name="Ma-Roo" numGasGiants="0" numPlanets="0" size="1.0" temp="200" x="50" y="-250">
        <planet DIMID="68" name="Sol-68">
            <isKnown>false</isKnown>
            <fogColor>1.0,1.0,1.0</fogColor>
            <skyColor>0.8,0.6432872,0.0</skyColor>
            <gravitationalMultiplier>112</gravitationalMultiplier>
            <orbitalDistance>46</orbitalDistance>
            <orbitalTheta>248</orbitalTheta>
            <orbitalPhi>-302</orbitalPhi>
            <avgTemperature>848</avgTemperature>
            <rotationalPeriod>17082</rotationalPeriod>
            <atmosphereDensity>147</atmosphereDensity>
            <generateCraters>false</generateCraters>
            <generateVolcanos>true</generateVolcanos>
            <generateStructures>false</generateStructures>
            <generateGeodes>true</generateGeodes>
            <volcanoFrequencyMultiplier>1.0</volcanoFrequencyMultiplier>
            <geodefrequencyMultiplier>1.0</geodefrequencyMultiplier>
            <biomeIds>advancedrocketry:hotdryrock,advancedrocketry:volcanic,advancedrocketry:volcanicbarren</biomeIds>
            <planet DIMID="69" name="Sol-68: 0">
                <isKnown>false</isKnown>
                <fogColor>1.0,1.0,1.0</fogColor>
                <skyColor>0.8,0.6996738,0.17863864</skyColor>
                <gravitationalMultiplier>52</gravitationalMultiplier>
                <orbitalDistance>128</orbitalDistance>
                <orbitalTheta>312</orbitalTheta>
                <orbitalPhi>-147</orbitalPhi>
                <avgTemperature>452</avgTemperature>
                <rotationalPeriod>161206</rotationalPeriod>
                <atmosphereDensity>14</atmosphereDensity>
                <generateCraters>true</generateCraters>
                <generateVolcanos>true</generateVolcanos>
                <generateStructures>false</generateStructures>
                <generateGeodes>false</generateGeodes>
                <craterFrequencyMultiplier>1.0</craterFrequencyMultiplier>
                <volcanoFrequencyMultiplier>1.0</volcanoFrequencyMultiplier>
                <biomeIds>advancedrocketry:moon,advancedrocketry:moondark</biomeIds>
                <oceanBlock>minecraft:lava</oceanBlock>
            </planet>
            <planet DIMID="70" name="Sol-68: 1">
                <isKnown>false</isKnown>
                <fogColor>1.0,1.0,1.0</fogColor>
                <skyColor>0.8,0.5276594,0.44069302</skyColor>
                <gravitationalMultiplier>36</gravitationalMultiplier>
                <orbitalDistance>186</orbitalDistance>
                <orbitalTheta>278</orbitalTheta>
                <orbitalPhi>-73</orbitalPhi>
                <avgTemperature>375</avgTemperature>
                <rotationalPeriod>514403</rotationalPeriod>
                <atmosphereDensity>31</atmosphereDensity>
                <generateCraters>true</generateCraters>
                <generateVolcanos>false</generateVolcanos>
                <generateStructures>false</generateStructures>
                <generateGeodes>false</generateGeodes>
                <craterFrequencyMultiplier>1.0</craterFrequencyMultiplier>
                <biomeIds>minecraft:desert_hills,minecraft:jungle,minecraft:deep_ocean,advancedrocketry:oceanspires,minecraft:mutated_savanna</biomeIds>
            </planet>
            <oceanBlock>minecraft:lava</oceanBlock>
        </planet>
        <planet DIMID="71" name="Sol-71">
            <isKnown>false</isKnown>
            <fogColor>1.0,1.0,1.0</fogColor>
            <skyColor>0.8,0.5786295,0.26973122</skyColor>
            <gravitationalMultiplier>130</gravitationalMultiplier>
            <orbitalDistance>154</orbitalDistance>
            <orbitalTheta>335</orbitalTheta>
            <orbitalPhi>49</orbitalPhi>
            <avgTemperature>412</avgTemperature>
            <rotationalPeriod>10923</rotationalPeriod>
            <atmosphereDensity>75</atmosphereDensity>
            <generateCraters>true</generateCraters>
            <generateVolcanos>false</generateVolcanos>
            <generateStructures>false</generateStructures>
            <generateGeodes>false</generateGeodes>
            <craterFrequencyMultiplier>1.0</craterFrequencyMultiplier>
            <biomeIds>minecraft:mutated_desert,minecraft:savanna,advancedrocketry:volcanicbarren,minecraft:deep_ocean,advancedrocketry:marsh</biomeIds>
        </planet>
        <planet DIMID="72" name="Sol-72">
            <isKnown>false</isKnown>
            <fogColor>1.0,1.0,1.0</fogColor>
            <skyColor>0.8,0.96512926,0.44096065</skyColor>
            <gravitationalMultiplier>116</gravitationalMultiplier>
            <orbitalDistance>186</orbitalDistance>
            <orbitalTheta>126</orbitalTheta>
            <orbitalPhi>-133</orbitalPhi>
            <avgTemperature>375</avgTemperature>
            <rotationalPeriod>14607</rotationalPeriod>
            <atmosphereDensity>26</atmosphereDensity>
            <generateCraters>true</generateCraters>
            <generateVolcanos>false</generateVolcanos>
            <generateStructures>false</generateStructures>
            <generateGeodes>false</generateGeodes>
            <craterFrequencyMultiplier>1.0</craterFrequencyMultiplier>
            <biomeIds>minecraft:mutated_mesa_clear_rock,advancedrocketry:marsh,minecraft:savanna,minecraft:mutated_jungle,minecraft:desert_hills</biomeIds>
            <planet DIMID="73" name="Sol-72: 0">
                <isKnown>false</isKnown>
                <fogColor>1.0,1.0,1.0</fogColor>
                <skyColor>0.8,0.60264957,0.0</skyColor>
                <gravitationalMultiplier>77</gravitationalMultiplier>
                <orbitalDistance>102</orbitalDistance>
                <orbitalTheta>68</orbitalTheta>
                <orbitalPhi>-124</orbitalPhi>
                <avgTemperature>506</avgTemperature>
                <rotationalPeriod>52570</rotationalPeriod>
                <atmosphereDensity>31</atmosphereDensity>
                <generateCraters>true</generateCraters>
                <generateVolcanos>true</generateVolcanos>
                <generateStructures>false</generateStructures>
                <generateGeodes>false</generateGeodes>
                <craterFrequencyMultiplier>1.0</craterFrequencyMultiplier>
                <volcanoFrequencyMultiplier>1.0</volcanoFrequencyMultiplier>
                <biomeIds>advancedrocketry:hotdryrock,advancedrocketry:volcanic,advancedrocketry:volcanicbarren</biomeIds>
                <oceanBlock>minecraft:lava</oceanBlock>
            </planet>
            <planet DIMID="74" name="Sol-72: 1">
                <isKnown>false</isKnown>
                <fogColor>1.0,1.0,1.0</fogColor>
                <skyColor>0.8,0.798252,0.40935695</skyColor>
                <gravitationalMultiplier>81</gravitationalMultiplier>
                <orbitalDistance>198</orbitalDistance>
                <orbitalTheta>19</orbitalTheta>
                <orbitalPhi>-160</orbitalPhi>
                <avgTemperature>363</avgTemperature>
                <rotationalPeriod>45160</rotationalPeriod>
                <atmosphereDensity>21</atmosphereDensity>
                <generateCraters>true</generateCraters>
                <generateVolcanos>false</generateVolcanos>
                <generateStructures>false</generateStructures>
                <generateGeodes>false</generateGeodes>
                <craterFrequencyMultiplier>1.0</craterFrequencyMultiplier>
                <seaLevel>53</seaLevel>
                <biomeIds>advancedrocketry:moon,advancedrocketry:moondark</biomeIds>
            </planet>
            <planet DIMID="75" name="Sol-72: 2">
                <isKnown>false</isKnown>
                <fogColor>1.0,1.0,1.0</fogColor>
                <skyColor>0.8,0.8597853,0.17286664</skyColor>
                <gravitationalMultiplier>44</gravitationalMultiplier>
                <orbitalDistance>129</orbitalDistance>
                <orbitalTheta>196</orbitalTheta>
                <orbitalPhi>-269</orbitalPhi>
                <avgTemperature>450</avgTemperature>
                <rotationalPeriod>281743</rotationalPeriod>
                <atmosphereDensity>16</atmosphereDensity>
                <generateCraters>true</generateCraters>
                <generateVolcanos>false</generateVolcanos>
                <generateStructures>false</generateStructures>
                <generateGeodes>false</generateGeodes>
                <craterFrequencyMultiplier>1.0</craterFrequencyMultiplier>
                <biomeIds>advancedrocketry:moon,advancedrocketry:moondark</biomeIds>
            </planet>
        </planet>
        <planet DIMID="76" name="Sol-76">
            <isKnown>false</isKnown>
            <fogColor>1.0,1.0,1.0</fogColor>
            <skyColor>0.8,0.7318796,0.0</skyColor>
            <gravitationalMultiplier>130</gravitationalMultiplier>
            <orbitalDistance>79</orbitalDistance>
            <orbitalTheta>194</orbitalTheta>
            <orbitalPhi>54</orbitalPhi>
            <avgTemperature>647</avgTemperature>
            <rotationalPeriod>10923</rotationalPeriod>
            <atmosphereDensity>189</atmosphereDensity>
            <generateCraters>false</generateCraters>
            <generateVolcanos>true</generateVolcanos>
            <generateStructures>false</generateStructures>
            <generateGeodes>true</generateGeodes>
            <volcanoFrequencyMultiplier>1.0</volcanoFrequencyMultiplier>
            <geodefrequencyMultiplier>1.0</geodefrequencyMultiplier>
            <biomeIds>advancedrocketry:hotdryrock,advancedrocketry:volcanic,advancedrocketry:volcanicbarren</biomeIds>
            <oceanBlock>minecraft:lava</oceanBlock>
        </planet>
        <planet DIMID="77" name="Sol-77">
            <isKnown>false</isKnown>
            <fogColor>1.0,1.0,1.0</fogColor>
            <skyColor>0.8,0.966159,0.0</skyColor>
            <gravitationalMultiplier>130</gravitationalMultiplier>
            <orbitalDistance>26</orbitalDistance>
            <orbitalTheta>65</orbitalTheta>
            <orbitalPhi>-53</orbitalPhi>
            <avgTemperature>1003</avgTemperature>
            <rotationalPeriod>10923</rotationalPeriod>
            <atmosphereDensity>53</atmosphereDensity>
            <generateCraters>true</generateCraters>
            <generateVolcanos>true</generateVolcanos>
            <generateStructures>false</generateStructures>
            <generateGeodes>false</generateGeodes>
            <craterFrequencyMultiplier>1.0</craterFrequencyMultiplier>
            <volcanoFrequencyMultiplier>1.0</volcanoFrequencyMultiplier>
            <biomeIds>advancedrocketry:hotdryrock,advancedrocketry:volcanic,advancedrocketry:volcanicbarren</biomeIds>
            <oceanBlock>minecraft:lava</oceanBlock>
        </planet>
        <planet DIMID="78" name="Sol-78">
            <isKnown>false</isKnown>
            <fogColor>1.0,1.0,1.0</fogColor>
            <skyColor>0.8,0.622188,0.33627284</skyColor>
            <gravitationalMultiplier>98</gravitationalMultiplier>
            <orbitalDistance>155</orbitalDistance>
            <orbitalTheta>212</orbitalTheta>
            <orbitalPhi>-131</orbitalPhi>
            <avgTemperature>410</avgTemperature>
            <rotationalPeriod>25499</rotationalPeriod>
            <atmosphereDensity>22</atmosphereDensity>
            <generateCraters>true</generateCraters>
            <generateVolcanos>false</generateVolcanos>
            <generateStructures>false</generateStructures>
            <generateGeodes>false</generateGeodes>
            <craterFrequencyMultiplier>1.0</craterFrequencyMultiplier>
            <seaLevel>74</seaLevel>
            <biomeIds>advancedrocketry:moon,advancedrocketry:moondark</biomeIds>
            <oceanBlock>advancedrocketry:oxygenfluid</oceanBlock>
        </planet>
    </star>
    <star blackHole="false" name="Alykitt" numGasGiants="0" numPlanets="0" size="1.0" temp="120" x="75" y="200">
        <planet DIMID="85" name="Sol-85">
            <isKnown>false</isKnown>
            <fogColor>1.0,1.0,1.0</fogColor>
            <skyColor>0.8,0.8637224,0.0</skyColor>
            <gravitationalMultiplier>130</gravitationalMultiplier>
            <orbitalDistance>12</orbitalDistance>
            <orbitalTheta>180</orbitalTheta>
            <orbitalPhi>-174</orbitalPhi>
            <avgTemperature>997</avgTemperature>
            <rotationalPeriod>10923</rotationalPeriod>
            <atmosphereDensity>124</atmosphereDensity>
            <generateCraters>false</generateCraters>
            <generateVolcanos>true</generateVolcanos>
            <generateStructures>false</generateStructures>
            <generateGeodes>false</generateGeodes>
            <volcanoFrequencyMultiplier>1.0</volcanoFrequencyMultiplier>
            <biomeIds>advancedrocketry:hotdryrock,advancedrocketry:volcanic,advancedrocketry:volcanicbarren</biomeIds>
            <planet DIMID="86" name="Sol-85: 0">
                <isKnown>false</isKnown>
                <fogColor>1.0,1.0,1.0</fogColor>
                <skyColor>0.8,0.52493286,0.8795784</skyColor>
                <gravitationalMultiplier>46</gravitationalMultiplier>
                <orbitalDistance>158</orbitalDistance>
                <orbitalTheta>28</orbitalTheta>
                <orbitalPhi>-69</orbitalPhi>
                <avgTemperature>244</avgTemperature>
                <rotationalPeriod>246568</rotationalPeriod>
                <atmosphereDensity>26</atmosphereDensity>
                <generateCraters>true</generateCraters>
                <generateVolcanos>false</generateVolcanos>
                <generateStructures>false</generateStructures>
                <generateGeodes>false</generateGeodes>
                <craterFrequencyMultiplier>1.0</craterFrequencyMultiplier>
                <biomeIds>minecraft:mutated_savanna_rock,minecraft:extreme_hills,minecraft:mutated_extreme_hills,minecraft:mushroom_island,minecraft:beaches</biomeIds>
            </planet>
            <planet DIMID="87" name="Sol-85: 1">
                <isKnown>false</isKnown>
                <fogColor>1.0,1.0,1.0</fogColor>
                <skyColor>0.8,0.65786564,0.8887383</skyColor>
                <gravitationalMultiplier>47</gravitationalMultiplier>
                <orbitalDistance>172</orbitalDistance>
                <orbitalTheta>21</orbitalTheta>
                <orbitalPhi>-330</orbitalPhi>
                <avgTemperature>234</avgTemperature>
                <rotationalPeriod>231162</rotationalPeriod>
                <atmosphereDensity>34</atmosphereDensity>
                <generateCraters>true</generateCraters>
                <generateVolcanos>false</generateVolcanos>
                <generateStructures>false</generateStructures>
                <generateGeodes>false</generateGeodes>
                <craterFrequencyMultiplier>1.0</craterFrequencyMultiplier>
                <biomeIds>minecraft:ice_flats</biomeIds>
            </planet>
            <oceanBlock>minecraft:lava</oceanBlock>
        </planet>
        <planet DIMID="88" name="Sol-88">
            <isKnown>false</isKnown>
            <fogColor>1.0,1.0,1.0</fogColor>
            <skyColor>0.8,0.8582114,0.77226555</skyColor>
            <gravitationalMultiplier>125</gravitationalMultiplier>
            <orbitalDistance>144</orbitalDistance>
            <orbitalTheta>351</orbitalTheta>
            <orbitalPhi>221</orbitalPhi>
            <avgTemperature>255</avgTemperature>
            <rotationalPeriod>12288</rotationalPeriod>
            <atmosphereDensity>96</atmosphereDensity>
            <generateCraters>false</generateCraters>
            <generateVolcanos>false</generateVolcanos>
            <generateStructures>true</generateStructures>
            <generateGeodes>false</generateGeodes>
            <seaLevel>53</seaLevel>
            <biomeIds>minecraft:taiga_hills,minecraft:frozen_ocean,minecraft:swampland,minecraft:mutated_redwood_taiga,minecraft:frozen_ocean</biomeIds>
            <planet DIMID="89" name="Sol-88: 0">
                <isKnown>false</isKnown>
                <fogColor>1.0,1.0,1.0</fogColor>
                <skyColor>0.8,0.97851884,0.84053373</skyColor>
                <gravitationalMultiplier>47</gravitationalMultiplier>
                <orbitalDistance>178</orbitalDistance>
                <orbitalTheta>59</orbitalTheta>
                <orbitalPhi>-322</orbitalPhi>
                <avgTemperature>230</avgTemperature>
                <rotationalPeriod>231162</rotationalPeriod>
                <atmosphereDensity>20</atmosphereDensity>
                <generateCraters>true</generateCraters>
                <generateVolcanos>false</generateVolcanos>
                <generateStructures>false</generateStructures>
                <generateGeodes>false</generateGeodes>
                <craterFrequencyMultiplier>1.0</craterFrequencyMultiplier>
                <seaLevel>46</seaLevel>
                <biomeIds>advancedrocketry:moon,advancedrocketry:moondark</biomeIds>
            </planet>
            <planet DIMID="90" name="Sol-88: 1">
                <isKnown>false</isKnown>
                <fogColor>1.0,1.0,1.0</fogColor>
                <skyColor>0.8,0.70221376,0.82524663</skyColor>
                <gravitationalMultiplier>69</gravitationalMultiplier>
                <orbitalDistance>167</orbitalDistance>
                <orbitalTheta>151</orbitalTheta>
                <orbitalPhi>-328</orbitalPhi>
                <avgTemperature>237</avgTemperature>
                <rotationalPeriod>73057</rotationalPeriod>
                <atmosphereDensity>21</atmosphereDensity>
                <generateCraters>true</generateCraters>
                <generateVolcanos>false</generateVolcanos>
                <generateStructures>false</generateStructures>
                <generateGeodes>false</generateGeodes>
                <craterFrequencyMultiplier>1.0</craterFrequencyMultiplier>
                <biomeIds>advancedrocketry:moon,advancedrocketry:moondark</biomeIds>
            </planet>
        </planet>
        <planet DIMID="91" name="Sol-91">
            <isKnown>false</isKnown>
            <fogColor>1.0,1.0,1.0</fogColor>
            <skyColor>0.8,0.6315903,0.93562996</skyColor>
            <gravitationalMultiplier>122</gravitationalMultiplier>
            <orbitalDistance>210</orbitalDistance>
            <orbitalTheta>75</orbitalTheta>
            <orbitalPhi>-154</orbitalPhi>
            <avgTemperature>211</avgTemperature>
            <rotationalPeriod>13216</rotationalPeriod>
            <atmosphereDensity>62</atmosphereDensity>
            <generateCraters>true</generateCraters>
            <generateVolcanos>false</generateVolcanos>
            <generateStructures>false</generateStructures>
            <generateGeodes>false</generateGeodes>
            <craterFrequencyMultiplier>1.0</craterFrequencyMultiplier>
            <biomeIds>minecraft:mutated_swampland,minecraft:mutated_savanna_rock,minecraft:desert_hills,minecraft:mutated_roofed_forest,minecraft:jungle_hills</biomeIds>
            <planet DIMID="92" name="Sol-91: 0">
                <isKnown>false</isKnown>
                <fogColor>1.0,1.0,1.0</fogColor>
                <skyColor>0.8,0.7760618,0.861994</skyColor>
                <gravitationalMultiplier>39</gravitationalMultiplier>
                <orbitalDistance>156</orbitalDistance>
                <orbitalTheta>126</orbitalTheta>
                <orbitalPhi>-123</orbitalPhi>
                <avgTemperature>245</avgTemperature>
                <rotationalPeriod>404592</rotationalPeriod>
                <atmosphereDensity>24</atmosphereDensity>
                <generateCraters>true</generateCraters>
                <generateVolcanos>false</generateVolcanos>
                <generateStructures>false</generateStructures>
                <generateGeodes>false</generateGeodes>
                <craterFrequencyMultiplier>1.0</craterFrequencyMultiplier>
                <biomeIds>advancedrocketry:moon,advancedrocketry:moondark</biomeIds>
            </planet>
        </planet>
        <planet DIMID="79" name="Sol-79">
            <isKnown>false</isKnown>
            <GasGiant>true</GasGiant>
            <gas>oxygen</gas>
            <gas>hydrogen</gas>
            <gas>nitrogen</gas>
            <fogColor>1.0,1.0,1.0</fogColor>
            <skyColor>1.0,1.0,1.0</skyColor>
            <gravitationalMultiplier>121</gravitationalMultiplier>
            <orbitalDistance>220</orbitalDistance>
            <orbitalTheta>0</orbitalTheta>
            <orbitalPhi>0</orbitalPhi>
            <avgTemperature>232</avgTemperature>
            <rotationalPeriod>24000</rotationalPeriod>
            <atmosphereDensity>165</atmosphereDensity>
            <generateCraters>false</generateCraters>
            <generateVolcanos>false</generateVolcanos>
            <generateStructures>false</generateStructures>
            <generateGeodes>false</generateGeodes>
            <planet DIMID="80" name="Sol-79: 0">
                <isKnown>false</isKnown>
                <fogColor>1.0,1.0,1.0</fogColor>
                <skyColor>0.8,0.86070085,0.9502329</skyColor>
                <gravitationalMultiplier>74</gravitationalMultiplier>
                <orbitalDistance>199</orbitalDistance>
                <orbitalTheta>313</orbitalTheta>
                <orbitalPhi>-45</orbitalPhi>
                <avgTemperature>217</avgTemperature>
                <rotationalPeriod>59226</rotationalPeriod>
                <atmosphereDensity>22</atmosphereDensity>
                <generateCraters>true</generateCraters>
                <generateVolcanos>false</generateVolcanos>
                <generateStructures>false</generateStructures>
                <generateGeodes>false</generateGeodes>
                <craterFrequencyMultiplier>1.0</craterFrequencyMultiplier>
                <seaLevel>72</seaLevel>
                <biomeIds>advancedrocketry:moon,advancedrocketry:moondark</biomeIds>
                <oceanBlock>advancedrocketry:oxygenfluid</oceanBlock>
            </planet>
            <planet DIMID="81" name="Sol-79: 1">
                <isKnown>false</isKnown>
                <fogColor>1.0,1.0,1.0</fogColor>
                <skyColor>0.8,0.58526605,0.8746942</skyColor>
                <gravitationalMultiplier>52</gravitationalMultiplier>
                <orbitalDistance>164</orbitalDistance>
                <orbitalTheta>267</orbitalTheta>
                <orbitalPhi>-132</orbitalPhi>
                <avgTemperature>239</avgTemperature>
                <rotationalPeriod>161206</rotationalPeriod>
                <atmosphereDensity>13</atmosphereDensity>
                <generateCraters>true</generateCraters>
                <generateVolcanos>false</generateVolcanos>
                <generateStructures>false</generateStructures>
                <generateGeodes>false</generateGeodes>
                <craterFrequencyMultiplier>1.0</craterFrequencyMultiplier>
                <biomeIds>advancedrocketry:moon,advancedrocketry:moondark</biomeIds>
            </planet>
            <planet DIMID="82" name="Sol-79: 2">
                <isKnown>false</isKnown>
                <fogColor>1.0,1.0,1.0</fogColor>
                <skyColor>0.8,0.80296093,0.776283</skyColor>
                <gravitationalMultiplier>45</gravitationalMultiplier>
                <orbitalDistance>124</orbitalDistance>
                <orbitalTheta>37</orbitalTheta>
                <orbitalPhi>-27</orbitalPhi>
                <avgTemperature>275</avgTemperature>
                <rotationalPeriod>263374</rotationalPeriod>
                <atmosphereDensity>33</atmosphereDensity>
                <generateCraters>true</generateCraters>
                <generateVolcanos>false</generateVolcanos>
                <generateStructures>false</generateStructures>
                <generateGeodes>false</generateGeodes>
                <craterFrequencyMultiplier>1.0</craterFrequencyMultiplier>
                <biomeIds>minecraft:mutated_swampland,minecraft:redwood_taiga_hills,minecraft:mutated_taiga,minecraft:ocean,minecraft:swampland</biomeIds>
            </planet>
            <planet DIMID="83" name="Sol-79: 3">
                <isKnown>false</isKnown>
                <fogColor>1.0,1.0,1.0</fogColor>
                <skyColor>0.8,0.85786223,0.7615142</skyColor>
                <gravitationalMultiplier>58</gravitationalMultiplier>
                <orbitalDistance>132</orbitalDistance>
                <orbitalTheta>51</orbitalTheta>
                <orbitalPhi>-9</orbitalPhi>
                <avgTemperature>267</avgTemperature>
                <rotationalPeriod>116857</rotationalPeriod>
                <atmosphereDensity>34</atmosphereDensity>
                <generateCraters>true</generateCraters>
                <generateVolcanos>false</generateVolcanos>
                <generateStructures>false</generateStructures>
                <generateGeodes>false</generateGeodes>
                <craterFrequencyMultiplier>1.0</craterFrequencyMultiplier>
                <biomeIds>minecraft:frozen_ocean,minecraft:smaller_extreme_hills,minecraft:cold_beach,minecraft:swampland,minecraft:ice_mountains</biomeIds>
            </planet>
            <planet DIMID="84" name="Sol-79: 4">
                <isKnown>false</isKnown>
                <fogColor>1.0,1.0,1.0</fogColor>
                <skyColor>0.8,0.5295669,0.87046355</skyColor>
                <gravitationalMultiplier>56</gravitationalMultiplier>
                <orbitalDistance>173</orbitalDistance>
                <orbitalTheta>269</orbitalTheta>
                <orbitalPhi>20</orbitalPhi>
                <avgTemperature>233</avgTemperature>
                <rotationalPeriod>136661</rotationalPeriod>
                <atmosphereDensity>15</atmosphereDensity>
                <generateCraters>true</generateCraters>
                <generateVolcanos>false</generateVolcanos>
                <generateStructures>false</generateStructures>
                <generateGeodes>false</generateGeodes>
                <craterFrequencyMultiplier>1.0</craterFrequencyMultiplier>
                <biomeIds>advancedrocketry:moon,advancedrocketry:moondark</biomeIds>
            </planet>
        </planet>
    </star>
</galaxy>
