{"stat.useItem.ic2.pipe":6,"stat.useItem.opencomputers.misc":7,"stat.pickup.enderio.block_electric_light":1,"stat.pickup.minecraft.stone_pressure_plate":8,"stat.useItem.enderio.block_electric_light":2,"stat.leaveGame":93,"stat.pickup.opencomputers.component":375,"stat.pickup.malisisdoors.garage_door":9,"stat.pickup.advancedrocketry.circlelight":3,"stat.pickup.advancedrocketry.carbonscrubbercartridge":68,"stat.mineBlock.malisisdoors.garage_door":9,"stat.pickup.advancedrocketry.spaceleggings":2,"stat.pickup.immersiveengineering.metal_decoration2":1,"stat.pickup.advancedrocketry.oxygenscrubber":1,"stat.swimOneCm":2356,"stat.climbOneCm":55075,"stat.pickup.opencomputers.storage":4,"stat.drop.blockcraftery.editable_outer_corner":1,"stat.useItem.minecraft.stone_slab2":11024,"stat.pickup.minecraft.cobblestone":28,"stat.pickup.malisisdoors.rustyhatch":1,"stat.flyOneCm":7270561,"stat.pickup.immersiveengineering.wirecoil":2,"stat.timeSinceDeath":230920,"stat.pickup.minecraft.stained_hardened_clay":64,"stat.useItem.minecraft.spawn_egg":877,"stat.pickup.minecraft.mutton":617,"stat.pickup.immersiveengineering.pickaxe_steel":1,"stat.pickup.malisisdoors.verticalhatch":1,"stat.useItem.minecraft.lever":5,"stat.drop.blockcraftery.editable_slant":4,"stat.pickup.minecraft.wooden_axe":4,"stat.pickup.opencomputers.robot":5,"stat.pickup.advancedrocketry.smallairlockdoor":11,"stat.useItem.immersiveengineering.connector":40,"stat.drop.advancedrocketry.oxygenvent":2,"stat.mineBlock.malisisdoors.hitechdoor":1,"stat.useItem.advancedrocketry.sealdetector":125,"stat.useItem.immersivepetroleum.metal_device":8,"stat.useItem.ic2.fluid_cell":1,"stat.pickup.chisel.glass":1,"stat.useItem.enderio.item_data_conduit":155,"stat.pickup.flansmod.ak74":7,"stat.pickup.enderio.block_cap_bank":1,"stat.sprintOneCm":886837,"stat.drop.minecraft.stone_pressure_plate":2,"stat.pickup.immersiveengineering.tool":1,"stat.pickup.ic2.resource":1,"stat.useItem.enderio.item_yeta_wrench":6,"stat.drop.immersiveengineering.connector":2,"stat.pickup.extrautils2.decorativeglass":2,"stat.useItem.immersiveengineering.wirecoil":26,"stat.pickup.chisel.ironpane":2,"stat.useItem.enderio.item_power_conduit":1059,"stat.useItem.opencomputers.tool":39,"stat.pickup.flansmod.mim23":1,"stat.pickup.minecraft.lever":4,"stat.deaths":7,"stat.drop":50,"stat.playOneMinute":1846916,"stat.useItem.immersiveengineering.pickaxe_steel":36,"stat.pickup.minecraft.stone_button":3,"stat.mineBlock.minecraft.stone_pressure_plate":6,"stat.killEntity.Sheep":263,"stat.useItem.immersiveengineering.wooden_device0":45,"stat.pickup.enderio.item_liquid_conduit":6,"stat.pickup.minecraft.iron_block":23,"stat.pickup.minecraft.sea_lantern":1,"stat.pickup.opencomputers.tool":2,"stat.pickup.enderio.item_yeta_wrench":2,"stat.diveOneCm":2784,"stat.pickup.advancedrocketry.gravitycontroller":1,"stat.pickup.advancedrocketry.sealdetector":1,"stat.chestOpened":21,"stat.pickup.immersiveengineering.material":1,"stat.useItem.malisisdoors.rustyhatch":30,"stat.useItem.minecraft.stone":21,"stat.mineBlock.minecraft.stone_button":2,"stat.drop.immersiveengineering.metal_decoration2":1,"stat.pickup.blockcraftery.editable_slant":7,"stat.pickup.ic2.te":1,"stat.useItem.immersiveengineering.metal_decoration2":24,"stat.useItem.immersiveengineering.metal_decoration1":171,"stat.jump":3525,"stat.fallOneCm":40487,"stat.useItem.immersivetech.connectors":5,"stat.pickup.enderio.item_power_conduit":1,"stat.crouchOneCm":50401,"stat.mineBlock.minecraft.lever":2,"stat.useItem.minecraft.stone_button":1,"stat.useItem.enderio.block_decoration1":67,"stat.pickup.chisel.technical":1,"stat.damageTaken":1860,"stat.drop.enderio.item_redstone_conduit":1,"stat.drop.libvulpes.metal0":2,"stat.useItem.enderio.item_liquid_conduit":1175,"stat.drop.minecraft.concrete":1,"stat.useItem.blockcraftery.editable_slant":57,"stat.pickup.blockcraftery.editable_outer_corner":2,"stat.pickup.opencomputers.cable":1,"stat.useItem.customnpcs.npcwand":42,"stat.drop.enderio.block_cap_bank":1,"stat.pickup.minecraft.concrete":1,"stat.pickup.littletiles.hammer":1,"stat.pickup.advancedrocketry.spaceboots":2,"stat.drop.enderio.block_decoration1":2,"stat.useItem.extrautils2.decorativeglass":42,"stat.useItem.immersiveengineering.metal_device1":39,"stat.damageDealt":1800,"stat.useItem.minecraft.wool":12,"stat.useItem.customnpcs.npcmobcloner":8,"stat.drop.reccomplex.block_selector_floating":1,"stat.pickup.reccomplex.block_selector_floating":1,"stat.walkOneCm":2012443,"stat.pickup.enderio.item_redstone_conduit":1,"stat.useItem.advancedrocketry.smallairlockdoor":10,"stat.pickup.advancedrocketry.spacechestplate":2,"stat.useItem.enderio.item_redstone_conduit":35,"stat.pickup.chisel.factory":2,"stat.useItem.immersiveengineering.sheetmetal":155,"stat.drop.advancedrocketry.circlelight":3,"stat.drop.enderio.item_yeta_wrench":1,"stat.drop.minecraft.iron_block":11,"stat.pickup.advancedrocketry.gravitymachine":1,"stat.pickup.advancedrocketry.spacehelmet":2,"stat.pickup.advancedrocketry.oxygenvent":3,"stat.pickup.blockcraftery.editable_inner_corner":3,"stat.drop.minecraft.command_block":1,"stat.pickup.flansmod.abrams":1,"stat.pickup.libvulpes.productgem":64,"stat.drop.flansmod.ak74":2,"stat.useItem.enderio.item_opencomputers_conduit":374,"stat.pickup.movingelevators.elevator_block":1,"stat.drop.enderio.item_liquid_conduit":4,"stat.pickup.advancedrocketry.advrocketmotor":1,"stat.drop.extrautils2.decorativeglass":1,"stat.useItem.minecraft.iron_block":580,"stat.pickup.malisisdoors.sliding_trapdoor":2,"stat.drop.enderio.block_electric_light":1,"stat.mobKills":479,"stat.drop.blockcraftery.editable_inner_corner":1,"stat.drop.enderio.item_power_conduit":1,"stat.sneakTime":44835,"stat.pickup.minecraft.wool":414,"stat.drop.advancedrocketry.advrocketmotor":1,"stat.pickup.immersiveengineering.connector":2,"stat.drop.minecraft.sea_lantern":1,"stat.pickup.enderio.block_decoration1":4,"stat.useItem.minecraft.wooden_axe":13,"stat.pickup.libvulpes.metal0":2,"stat.useItem.enderio.item_conduit_facade":59,"stat.pickup.advancedrocketry.planetidchip":1,"stat.mineBlock.minecraft.stone":16,"stat.drop.minecraft.wooden_axe":2,"stat.useItem.enderio.item_item_conduit":10}